Gene name canonical,Global classifier2
ANKFY1,Mostly Cytosolic
STAM,Mostly Cytosolic
STUB1,Mostly Cytosolic
WASH3P,Mostly Cytosolic
ACTR10,Mostly Cytosolic
CCDC93,Mostly Cytosolic
HPS5,Mostly Cytosolic
PDE8B,Mostly Cytosolic
ARL3,Mostly Cytosolic
ATP6V1H,Mostly Cytosolic
BLMH,Mostly Cytosolic
CHMP4B,Mostly Cytosolic
EFL1,Mostly Cytosolic
PFKFB2,Mostly Cytosolic
PTPN23,Mostly Cytosolic
RUFY1,Mostly Cytosolic
TOM1L1,Mostly Cytosolic
AP5Z1,Mostly Cytosolic
COMMD10,Mostly Cytosolic
CRKL,Mostly Cytosolic
DCTN6,Mostly Cytosolic
DMXL1,Mostly Cytosolic
TTC4,Mostly Cytosolic
VIPAS39,Mostly Cytosolic
NUP210,Mostly Nuclear
DUT,Mostly Cytosolic
GARS1,Mostly Cytosolic
NIF3L1,Mostly Cytosolic
PREPL,Mostly Cytosolic
TRMT1,Mostly Cytosolic
BPNT1,Mostly Cytosolic
COASY,Mostly Cytosolic
COG1,Mostly Cytosolic
COG3,Mostly Cytosolic
COG4,Mostly Cytosolic
COG5,Mostly Cytosolic
IDI1,Mostly Cytosolic
LPP,Mostly Cytosolic
LYPLA2,Mostly Cytosolic
PITPNB,Mostly Cytosolic
PTRHD1,Mostly Cytosolic
TWF2,Mostly Cytosolic
UMPS,Mostly Cytosolic
ACBD3,Mostly Cytosolic
AKR7A2,Mostly Cytosolic
ARL2,Mostly Cytosolic
COG7,Mostly Cytosolic
PARK7,Mostly Cytosolic
VCL,Mostly Cytosolic
YKT6,Mostly Cytosolic
ANKMY2,Mostly Cytosolic
ATG3,Mostly Cytosolic
BCR,Mostly Cytosolic
BID,Mostly Cytosolic
COG6,Mostly Cytosolic
CRK,Mostly Cytosolic
CUX1,Mostly Nuclear
GPD1L,Mostly Cytosolic
NME2,Mostly Cytosolic
NPEPPS,Mostly Cytosolic
PEX5,Mostly Cytosolic
PLPBP,Mostly Cytosolic
SAR1A,Mostly Cytosolic
TES,Mostly Cytosolic
TMPO,Mostly Nuclear
TNPO3,Mostly Cytosolic
TPM1,Mostly Cytosolic
TPM3,Mostly Cytosolic
TPM3,Mostly Cytosolic
TPM4,Mostly Cytosolic
TRIM47,Mostly Cytosolic
GSR,Mostly Cytosolic
TOP3A,Mostly Nuclear
NIT2,Mostly Cytosolic
MTHFS,Mostly Cytosolic
QTRT1,Mostly Cytosolic
QTRT2,Mostly Cytosolic
NIT1,Mostly Cytosolic
QDPR,Mostly Cytosolic
REXO2,Mostly Cytosolic
BICD2,Mostly Cytosolic
EPS15,Mostly Cytosolic
CFL2,Mostly Cytosolic
COTL1,Mostly Cytosolic
DSTN,Mostly Cytosolic
TTC1,Mostly Cytosolic
VRK1,Mostly Nuclear
ANXA6,Mostly Cytosolic
GET3,Mostly Cytosolic
GTF2I,Mostly Nuclear
RHEB,Mostly Cytosolic
APPL1,Mostly Cytosolic
CAV1,Mostly Nuclear
DDAH2,Mostly Cytosolic
NIBAN1,Mostly Cytosolic
ISOC1,Mostly Cytosolic
LMNA,Mostly Nuclear
LMNB1,Mostly Nuclear
PPP3R1,Mostly Cytosolic
PXN,Mostly Cytosolic
RMND5A,Mostly Cytosolic
SPDL1,Mostly Cytosolic
SYNE2,Mostly Nuclear
MEAK7,Mostly Cytosolic
DNMBP,Mostly Cytosolic
PCMT1,Mostly Cytosolic
CUTA,Mostly Cytosolic
EFHD2,Mostly Cytosolic
NT5C,Mostly Cytosolic
SYAP1,Mostly Cytosolic
ACACA,Mostly Cytosolic
ACP1,Mostly Cytosolic
ADAR,Mostly Nuclear
AKAP17A,Mostly Nuclear
APTX,Mostly Nuclear
ARAP1,Mostly Cytosolic
ARFGEF1,Mostly Cytosolic
ARFGEF2,Mostly Cytosolic
ARGLU1,Mostly Nuclear
ARHGEF1,Mostly Cytosolic
ARHGEF16,Mostly Cytosolic
ARHGEF7,Mostly Cytosolic
ATR,Mostly Nuclear
ATXN10,Mostly Cytosolic
AURKB,Mostly Nuclear
BAG6,Mostly Cytosolic
BCAR1,Mostly Cytosolic
BIRC6,Mostly Cytosolic
CCDC137,Mostly Nuclear
CDC123,Mostly Cytosolic
CDC40,Mostly Nuclear
CDC5L,Mostly Nuclear
CHAF1B,Mostly Nuclear
UTP4,Mostly Nuclear
COPS3,Mostly Cytosolic
COPS4,Mostly Cytosolic
COPS6,Mostly Cytosolic
CPSF1,Mostly Nuclear
CPSF7,Mostly Nuclear
CREBBP,Mostly Nuclear
CRNKL1,Mostly Nuclear
CSTF1,Mostly Nuclear
CSTF3,Mostly Nuclear
CTPS2,Mostly Cytosolic
CUL2,Mostly Cytosolic
DDX17,Mostly Nuclear
DDX49,Mostly Nuclear
DDX5,Mostly Nuclear
DDX54,Mostly Nuclear
DDX55,Mostly Nuclear
DDX56,Mostly Nuclear
DHX37,Mostly Nuclear
DIAPH1,Mostly Cytosolic
DNAAF5,Mostly Cytosolic
EIF2B1,Mostly Cytosolic
ELP2,Mostly Cytosolic
ELP3,Mostly Cytosolic
ENSA,Mostly Cytosolic
EP300,Mostly Nuclear
FHOD1,Mostly Cytosolic
FLII,Mostly Cytosolic
FTSJ3,Mostly Nuclear
FUS,Mostly Nuclear
GAK,Mostly Cytosolic
GET4,Mostly Cytosolic
GIT1,Mostly Cytosolic
GIT2,Mostly Cytosolic
GRIPAP1,Mostly Cytosolic
GSPT1,Mostly Cytosolic
GTF2E1,Mostly Cytosolic
GTF3C1,Mostly Nuclear
GTF3C2,Mostly Nuclear
HCFC1,Mostly Nuclear
HEATR1,Mostly Nuclear
HEXIM1,Mostly Cytosolic
HLTF,Mostly Nuclear
HNRNPA1,Mostly Nuclear
HNRNPDL,Mostly Nuclear
HNRNPH3,Mostly Nuclear
HNRNPL,Mostly Nuclear
HNRNPM,Mostly Nuclear
HNRNPUL2,Mostly Nuclear
HSPA4L,Mostly Cytosolic
HYPK,Mostly Cytosolic
IFI35,Mostly Cytosolic
IK,Mostly Nuclear
ELP1,Mostly Cytosolic
INPPL1,Mostly Cytosolic
INTS1,Mostly Nuclear
IPO5,Mostly Cytosolic
IPO7,Mostly Cytosolic
KHDRBS1,Mostly Nuclear
KIFBP,Mostly Cytosolic
KIF11,Mostly Cytosolic
KIF13A,Mostly Cytosolic
KIF22,Mostly Nuclear
KPNA6,Mostly Cytosolic
KRR1,Mostly Nuclear
LRRFIP1,Mostly Cytosolic
MAP1S,Mostly Cytosolic
MAPK1,Mostly Cytosolic
MAZ,Mostly Nuclear
MDN1,Mostly Nuclear
MED1,Mostly Nuclear
METTL2B,Mostly Cytosolic
MMS19,Mostly Cytosolic
MON2,Mostly Cytosolic
MVD,Mostly Cytosolic
NAA15,Mostly Cytosolic
NAMPT,Mostly Cytosolic
NAT10,Mostly Nuclear
NIFK,Mostly Nuclear
NOC4L,Mostly Nuclear
NONO,Mostly Nuclear
NOP16,Mostly Nuclear
NUDT16L1,Mostly Nuclear
ORC4,Mostly Nuclear
ORC6,Mostly Nuclear
OXSR1,Mostly Cytosolic
PAIP1,Mostly Cytosolic
PAPSS2,Mostly Cytosolic
PARG,Mostly Cytosolic
PDCL3,Mostly Cytosolic
PDS5A,Mostly Nuclear
PFDN1,Mostly Cytosolic
PFDN2,Mostly Cytosolic
PFKL,Mostly Cytosolic
PFKP,Mostly Cytosolic
PINX1,Mostly Nuclear
PLRG1,Mostly Nuclear
POLR1A,Mostly Nuclear
PPID,Mostly Cytosolic
PPIG,Mostly Nuclear
PPP1R10,Mostly Nuclear
PPP2R1A,Mostly Cytosolic
PPP2R1B,Mostly Cytosolic
PPP2R5A,Mostly Cytosolic
PPP2R5D,Mostly Cytosolic
PRKAA1,Mostly Cytosolic
PRKD3,Mostly Cytosolic
PRMT5,Mostly Cytosolic
PRPF4B,Mostly Nuclear
PRPS1,Mostly Cytosolic
PRPSAP1,Mostly Cytosolic
PSMA1,Mostly Cytosolic
PSMB1,Mostly Cytosolic
PSMB2,Mostly Cytosolic
PSMC2,Mostly Cytosolic
PSMC3,Mostly Cytosolic
PSMD11,Mostly Cytosolic
PSMD12,Mostly Cytosolic
PSMD2,Mostly Cytosolic
PSPC1,Mostly Nuclear
PTBP2,Mostly Nuclear
RAVER1,Mostly Nuclear
RBFOX2,Mostly Nuclear
RBM10,Mostly Nuclear
RBM14,Mostly Nuclear
RBM15,Mostly Nuclear
RBM19,Mostly Nuclear
RBM28,Mostly Nuclear
RBM6,Mostly Nuclear
ROCK1,Mostly Cytosolic
RPS6KA1,Mostly Cytosolic
RRP36,Mostly Nuclear
SEC16A,Mostly Cytosolic
SLK,Mostly Cytosolic
SLTM,Mostly Nuclear
SMC1A,Mostly Nuclear
SNRNP70,Mostly Nuclear
SNRPA,Mostly Nuclear
SNRPE,Mostly Nuclear
SNW1,Mostly Nuclear
SREK1,Mostly Nuclear
SRSF7,Mostly Nuclear
SRSF9,Mostly Nuclear
STAT1,Mostly Cytosolic
STAT3,Mostly Cytosolic
STAT6,Mostly Cytosolic
STRBP,Mostly Nuclear
SURF6,Mostly Nuclear
TACC2,Mostly Cytosolic
TARDBP,Mostly Nuclear
TBCE,Mostly Cytosolic
TCERG1,Mostly Nuclear
TCF20,Mostly Nuclear
TMOD3,Mostly Cytosolic
TOPBP1,Mostly Nuclear
TOX4,Mostly Nuclear
TPD52L1,Mostly Cytosolic
TPX2,Mostly Nuclear
TSN,Mostly Cytosolic
TSNAX,Mostly Cytosolic
TXNDC9,Mostly Cytosolic
U2AF1,Mostly Nuclear
UBE2V1,Mostly Cytosolic
UBE2V2,Mostly Cytosolic
UBE3C,Mostly Cytosolic
UBLCP1,Mostly Cytosolic
UBR4,Mostly Cytosolic
UCHL5,Mostly Cytosolic
BLTP3A,Mostly Cytosolic
UNC45A,Mostly Cytosolic
USP9X,Mostly Cytosolic
UTP18,Mostly Nuclear
WDR26,Mostly Cytosolic
WDR77,Mostly Cytosolic
XRCC1,Mostly Nuclear
YWHAB,Mostly Cytosolic
YWHAG,Mostly Cytosolic
YWHAH,Mostly Cytosolic
YWHAQ,Mostly Cytosolic
ZNF638,Mostly Nuclear
ACLY,Mostly Cytosolic
ACTR1B,Mostly Cytosolic
ADRM1,Mostly Cytosolic
AK1,Mostly Cytosolic
ARMC8,Mostly Cytosolic
ASS1,Mostly Cytosolic
ATG16L1,Mostly Cytosolic
ATM,Mostly Nuclear
AVL9,Mostly Cytosolic
BLVRA,Mostly Cytosolic
BMS1,Mostly Nuclear
CAD,Mostly Cytosolic
CAP1,Mostly Cytosolic
CAP2,Mostly Cytosolic
CARM1,Mostly Cytosolic
CCDC43,Mostly Cytosolic
CDC45,Mostly Cytosolic
CDK5,Mostly Cytosolic
CGGBP1,Mostly Nuclear
CIAO1,Mostly Cytosolic
CLIP1,Mostly Cytosolic
CLUH,Mostly Cytosolic
COMMD4,Mostly Cytosolic
COPS2,Mostly Cytosolic
CPNE3,Mostly Cytosolic
CTPS1,Mostly Cytosolic
DCAF13,Mostly Nuclear
DDX27,Mostly Nuclear
DDX31,Mostly Nuclear
DDX50,Mostly Nuclear
DDX52,Mostly Nuclear
DKC1,Mostly Nuclear
DNM1L,Mostly Cytosolic
DNMT1,Mostly Nuclear
EBNA1BP2,Mostly Nuclear
EPPK1,Mostly Cytosolic
EXO1,Mostly Nuclear
FAF1,Mostly Cytosolic
FHIP2A,Mostly Cytosolic
CIAO2B,Mostly Cytosolic
FASN,Mostly Cytosolic
FIP1L1,Mostly Nuclear
FTSJ1,Mostly Cytosolic
FUBP1,Mostly Nuclear
GBF1,Mostly Cytosolic
GDI2,Mostly Cytosolic
NOP53,Mostly Nuclear
GRB2,Mostly Cytosolic
GTF3C3,Mostly Nuclear
MACROH2A1,Mostly Nuclear
HELLS,Mostly Nuclear
HERC4,Mostly Cytosolic
HGH1,Mostly Cytosolic
H2BC12,Mostly Nuclear
H3C15,Mostly Nuclear
HNRNPA3,Mostly Nuclear
HNRNPK,Mostly Nuclear
HSPA4,Mostly Cytosolic
HSPBP1,Mostly Cytosolic
HSPH1,Mostly Cytosolic
HUWE1,Mostly Cytosolic
IDE,Mostly Cytosolic
IPO4,Mostly Cytosolic
IPO8,Mostly Cytosolic
IPO9,Mostly Cytosolic
IRS2,Mostly Cytosolic
KEAP1,Mostly Cytosolic
KLC1,Mostly Cytosolic
LRBA,Mostly Cytosolic
LYAR,Mostly Nuclear
MAP2K1,Mostly Cytosolic
MAPK3,Mostly Cytosolic
MATR3,Mostly Nuclear
MED14,Mostly Nuclear
MED24,Mostly Nuclear
MED6,Mostly Nuclear
MFAP1,Mostly Nuclear
MPHOSPH10,Mostly Nuclear
MTRR,Mostly Cytosolic
NAF1,Mostly Cytosolic
NAP1L1,Mostly Cytosolic
NAP1L4,Mostly Cytosolic
NARS1,Mostly Cytosolic
NCOA7,Mostly Cytosolic
NEK9,Mostly Cytosolic
SNU13,Mostly Nuclear
NIP7,Mostly Nuclear
NMI,Mostly Cytosolic
NOL11,Mostly Nuclear
NOP14,Mostly Nuclear
NQO1,Mostly Cytosolic
NT5C2,Mostly Cytosolic
NUDCD1,Mostly Cytosolic
NUDT4,Mostly Cytosolic
PAICS,Mostly Cytosolic
PAPOLA,Mostly Cytosolic
PDCD5,Mostly Cytosolic
PFDN5,Mostly Cytosolic
PGK1,Mostly Cytosolic
PHGDH,Mostly Cytosolic
PKN1,Mostly Cytosolic
POLA1,Mostly Cytosolic
POLD2,Mostly Cytosolic
PPAN,Mostly Nuclear
PPAT,Mostly Cytosolic
PPHLN1,Mostly Nuclear
PPP2CB,Mostly Cytosolic
PPP2R2A,Mostly Cytosolic
PPP5C,Mostly Cytosolic
PPP6C,Mostly Cytosolic
PPP6R1,Mostly Cytosolic
PPP6R3,Mostly Cytosolic
PRDX2,Mostly Cytosolic
PRIM1,Mostly Cytosolic
PRIM2,Mostly Cytosolic
PRKAG1,Mostly Cytosolic
PRKAR1A,Mostly Cytosolic
PRKCI,Mostly Cytosolic
PRMT1,Mostly Cytosolic
PRPF40A,Mostly Nuclear
PRPS2,Mostly Cytosolic
PRPSAP2,Mostly Cytosolic
PSMA2,Mostly Cytosolic
PSMA3,Mostly Cytosolic
PSMA4,Mostly Cytosolic
PSMA5,Mostly Cytosolic
PSMA6,Mostly Cytosolic
PSMA7,Mostly Cytosolic
PSMB3,Mostly Cytosolic
PSMB4,Mostly Cytosolic
PSMB5,Mostly Cytosolic
PSMB6,Mostly Cytosolic
PSMB7,Mostly Cytosolic
PSMC1,Mostly Cytosolic
PSMC4,Mostly Cytosolic
PSMC5,Mostly Cytosolic
PSMC6,Mostly Cytosolic
PSMD1,Mostly Cytosolic
PSMD13,Mostly Cytosolic
PSMD14,Mostly Cytosolic
PSMD3,Mostly Cytosolic
PSMD4,Mostly Cytosolic
PSMD5,Mostly Cytosolic
PSMD6,Mostly Cytosolic
PSMD7,Mostly Cytosolic
PSMD8,Mostly Cytosolic
PTPN12,Mostly Cytosolic
PUS7,Mostly Cytosolic
PYGB,Mostly Cytosolic
RAB3GAP1,Mostly Cytosolic
RAB3GAP2,Mostly Cytosolic
RAD23A,Mostly Cytosolic
RAD23B,Mostly Cytosolic
RALY,Mostly Nuclear
RANBP9,Mostly Cytosolic
RBM25,Mostly Nuclear
RBMX,Mostly Nuclear
RCL1,Mostly Nuclear
REXO4,Mostly Nuclear
RFC1,Mostly Nuclear
RPAP2,Mostly Cytosolic
RPF1,Mostly Nuclear
RPF2,Mostly Nuclear
RPS6KA3,Mostly Cytosolic
RRP7A,Mostly Nuclear
RRS1,Mostly Nuclear
RSRC2,Mostly Nuclear
SCAF4,Mostly Nuclear
SFPQ,Mostly Nuclear
SMC3,Mostly Nuclear
SNX1,Mostly Cytosolic
SON,Mostly Nuclear
SPAG9,Mostly Cytosolic
SRFBP1,Mostly Nuclear
SRSF10,Mostly Nuclear
ST13,Mostly Cytosolic
TANGO6,Mostly Cytosolic
TBCD,Mostly Cytosolic
TBK1,Mostly Cytosolic
ELOB,Mostly Cytosolic
TNPO1,Mostly Cytosolic
TP53RK,Mostly Cytosolic
TRA2A,Mostly Nuclear
TRA2B,Mostly Nuclear
TTC39C,Mostly Cytosolic
TUBA1B,Mostly Cytosolic
TUBA1C,Mostly Cytosolic
TUBA4A,Mostly Cytosolic
TUBB,Mostly Cytosolic
TUBB2B,Mostly Cytosolic
TUBB4B,Mostly Cytosolic
TUBB6,Mostly Cytosolic
TWF1,Mostly Cytosolic
POLR1F,Mostly Nuclear
TXN,Mostly Cytosolic
TXNRD1,Mostly Cytosolic
UBA5,Mostly Cytosolic
UBE2L3,Mostly Cytosolic
UGP2,Mostly Cytosolic
USP14,Mostly Cytosolic
UTP20,Mostly Nuclear
UTP23,Mostly Nuclear
VBP1,Mostly Cytosolic
WARS1,Mostly Cytosolic
WDR33,Mostly Nuclear
WDR46,Mostly Nuclear
WDR6,Mostly Cytosolic
WDR75,Mostly Nuclear
WNK1,Mostly Cytosolic
ZFR,Mostly Nuclear
ZNF326,Mostly Nuclear
ZNF330,Mostly Cytosolic
AAMP,Mostly Cytosolic
AARS1,Mostly Cytosolic
ACO1,Mostly Cytosolic
ADSL,Mostly Cytosolic
AIP,Mostly Cytosolic
AKR1A1,Mostly Cytosolic
ALKBH5,Mostly Nuclear
AMPD2,Mostly Cytosolic
ANP32A,Mostly Cytosolic
ANP32B,Mostly Cytosolic
ANXA11,Mostly Cytosolic
ANXA7,Mostly Cytosolic
AP4E1,Mostly Cytosolic
APEH,Mostly Cytosolic
ARHGAP18,Mostly Cytosolic
ARHGEF5,Mostly Cytosolic
ASNS,Mostly Cytosolic
BAG3,Mostly Cytosolic
BPTF,Mostly Nuclear
BUB1B,Mostly Cytosolic
BUD13,Mostly Nuclear
NCBP3,Mostly Nuclear
NEPRO,Mostly Nuclear
CAPG,Mostly Cytosolic
CAPN2,Mostly Cytosolic
CAPN7,Mostly Cytosolic
CBR1,Mostly Cytosolic
CBX5,Mostly Nuclear
CCDC22,Mostly Cytosolic
CCDC6,Mostly Cytosolic
CDC37,Mostly Cytosolic
CDK13,Mostly Nuclear
CDK4,Mostly Cytosolic
CHMP3,Mostly Cytosolic
CHORDC1,Mostly Cytosolic
CLNS1A,Mostly Cytosolic
CMPK1,Mostly Cytosolic
COMMD3,Mostly Cytosolic
INTS11,Mostly Nuclear
CSE1L,Mostly Cytosolic
CWC25,Mostly Nuclear
TKFC,Mostly Cytosolic
DDX10,Mostly Nuclear
DDX18,Mostly Nuclear
DIS3L,Mostly Cytosolic
DNAJC7,Mostly Cytosolic
DNPEP,Mostly Cytosolic
DPCD,Mostly Cytosolic
DPYSL2,Mostly Cytosolic
ECD,Mostly Cytosolic
ECPAS,Mostly Cytosolic
EML2,Mostly Cytosolic
ENO3,Mostly Cytosolic
RTL8C,Mostly Cytosolic
FKBP4,Mostly Cytosolic
FKBP5,Mostly Cytosolic
GAPVD1,Mostly Cytosolic
GAR1,Mostly Nuclear
GART,Mostly Cytosolic
GCLM,Mostly Cytosolic
GFPT1,Mostly Cytosolic
GID8,Mostly Cytosolic
GLMN,Mostly Cytosolic
GNL1,Mostly Cytosolic
GPI,Mostly Cytosolic
GPN1,Mostly Cytosolic
GTPBP4,Mostly Nuclear
HAT1,Mostly Cytosolic
H1-5,Mostly Nuclear
H1-2,Mostly Nuclear
H1-4,Mostly Nuclear
H4C1,Mostly Nuclear
HNRNPC,Mostly Nuclear
HPD,Mostly Cytosolic
HSP90AA1,Mostly Cytosolic
HSP90AB1,Mostly Cytosolic
HSPB1,Mostly Cytosolic
IGBP1,Mostly Cytosolic
IMPA1,Mostly Cytosolic
IMPA2,Mostly Cytosolic
IMPDH1,Mostly Cytosolic
IMPDH2,Mostly Cytosolic
INTS12,Mostly Nuclear
IPO11,Mostly Cytosolic
ISG15,Mostly Cytosolic
ITPA,Mostly Cytosolic
KHDC4,Mostly Nuclear
KIF20A,Mostly Nuclear
KIF4A,Mostly Nuclear
KIN,Mostly Nuclear
KNOP1,Mostly Nuclear
LDHA,Mostly Cytosolic
LIG3,Mostly Nuclear
LSM1,Mostly Cytosolic
MAD2L1,Mostly Cytosolic
MADD,Mostly Cytosolic
MAP2K6,Mostly Cytosolic
MCMBP,Mostly Cytosolic
MDH1,Mostly Cytosolic
ME1,Mostly Cytosolic
MED10,Mostly Nuclear
MED23,Mostly Nuclear
MED31,Mostly Nuclear
MIF,Mostly Cytosolic
MORC2,Mostly Nuclear
MRE11,Mostly Nuclear
MRGBP,Mostly Nuclear
NCAPH2,Mostly Nuclear
NES,Mostly Cytosolic
NIPBL,Mostly Nuclear
NKRF,Mostly Nuclear
NMRAL1,Mostly Cytosolic
NNMT,Mostly Cytosolic
NOP2,Mostly Nuclear
NR3C1,Mostly Cytosolic
NRDC,Mostly Cytosolic
NSFL1C,Mostly Cytosolic
NTHL1,Mostly Nuclear
NTMT1,Mostly Cytosolic
NUCKS1,Mostly Cytosolic
NUDC,Mostly Cytosolic
NUDT1,Mostly Cytosolic
OGFOD1,Mostly Cytosolic
OLA1,Mostly Cytosolic
ORC5,Mostly Nuclear
OSTF1,Mostly Cytosolic
OTUD7B,Mostly Cytosolic
PAFAH1B1,Mostly Cytosolic
PAK2,Mostly Cytosolic
PARP1,Mostly Nuclear
PATZ1,Mostly Nuclear
PDCD2,Mostly Cytosolic
PDXDC1,Mostly Cytosolic
PFN1,Mostly Cytosolic
PGD,Mostly Cytosolic
PITPNA,Mostly Cytosolic
PKM,Mostly Cytosolic
PMM2,Mostly Cytosolic
PNN,Mostly Nuclear
POLR3A,Mostly Cytosolic
PPP2CA,Mostly Cytosolic
PRKCD,Mostly Cytosolic
PRMT3,Mostly Cytosolic
PSMD9,Mostly Cytosolic
PSME1,Mostly Cytosolic
PSME2,Mostly Cytosolic
PSME3,Mostly Cytosolic
PSME4,Mostly Cytosolic
PSMG1,Mostly Cytosolic
PTGES3,Mostly Cytosolic
PTGR1,Mostly Cytosolic
PYGL,Mostly Cytosolic
RAD21,Mostly Nuclear
RAD50,Mostly Nuclear
RANBP1,Mostly Cytosolic
RBBP6,Mostly Nuclear
RBM34,Mostly Nuclear
RNF114,Mostly Cytosolic
RNH1,Mostly Cytosolic
RPL7L1,Mostly Nuclear
RPRD2,Mostly Nuclear
RRM2,Mostly Cytosolic
RRP1,Mostly Nuclear
RRP1B,Mostly Nuclear
RRP8,Mostly Nuclear
RSBN1L,Mostly Nuclear
RSF1,Mostly Nuclear
SAFB,Mostly Nuclear
SAFB2,Mostly Nuclear
SAP18,Mostly Nuclear
SCAF1,Mostly Nuclear
SCAF11,Mostly Nuclear
SERPINB5,Mostly Cytosolic
SFN,Mostly Cytosolic
SMCHD1,Mostly Nuclear
SORD,Mostly Cytosolic
STAG2,Mostly Nuclear
STIP1,Mostly Cytosolic
SUGP2,Mostly Nuclear
TARS1,Mostly Cytosolic
TBC1D15,Mostly Cytosolic
TFG,Mostly Cytosolic
THOC2,Mostly Nuclear
THOC5,Mostly Nuclear
TIGAR,Mostly Cytosolic
TKT,Mostly Cytosolic
TOP1,Mostly Nuclear
TOP2A,Mostly Nuclear
TPD52,Mostly Cytosolic
TRAF2,Mostly Cytosolic
TRAFD1,Mostly Cytosolic
TRIP13,Mostly Cytosolic
RO60,Mostly Cytosolic
TTLL12,Mostly Cytosolic
TUBB3,Mostly Cytosolic
TXNL1,Mostly Cytosolic
TYMS,Mostly Cytosolic
UBE2O,Mostly Cytosolic
UBE2T,Mostly Cytosolic
UBL4A,Mostly Cytosolic
UBR5,Mostly Cytosolic
UGDH,Mostly Cytosolic
USP15,Mostly Cytosolic
UTP11,Mostly Nuclear
UTP3,Mostly Nuclear
VCPIP1,Mostly Cytosolic
WAPL,Mostly Nuclear
WDR3,Mostly Nuclear
WDR74,Mostly Nuclear
YLPM1,Mostly Nuclear
ZFC3H1,Mostly Nuclear
ZNFX1,Mostly Cytosolic
AARSD1,Mostly Cytosolic
AASDHPPT,Mostly Cytosolic
ABR,Mostly Cytosolic
ACAT2,Mostly Cytosolic
ACYP1,Mostly Cytosolic
ADARB1,Mostly Nuclear
ADSS2,Mostly Cytosolic
AFTPH,Mostly Cytosolic
AHCYL1,Mostly Cytosolic
AHSA1,Mostly Cytosolic
AKR1B1,Mostly Cytosolic
ANXA4,Mostly Cytosolic
ATIC,Mostly Cytosolic
BAZ1B,Mostly Nuclear
BROX,Mostly Cytosolic
MYG1,Mostly Cytosolic
ADISSP,Mostly Cytosolic
CAPNS1,Mostly Cytosolic
CBS,Mostly Cytosolic
CCDC18,Mostly Cytosolic
CDCA8,Mostly Nuclear
CDT1,Mostly Nuclear
CEP85,Mostly Cytosolic
CHMP4A,Mostly Cytosolic
CHMP5,Mostly Cytosolic
CIAPIN1,Mostly Cytosolic
CLIC1,Mostly Cytosolic
COMMD7,Mostly Cytosolic
CPNE2,Mostly Cytosolic
CRABP2,Mostly Cytosolic
CSTB,Mostly Cytosolic
CTH,Mostly Cytosolic
DENND5B,Mostly Cytosolic
GSDME,Mostly Cytosolic
DIDO1,Mostly Nuclear
DPP9,Mostly Cytosolic
DUSP3,Mostly Cytosolic
DYNC2H1,Mostly Cytosolic
EED,Mostly Nuclear
ENO1,Mostly Cytosolic
FAM114A1,Mostly Cytosolic
ABRAXAS2,Mostly Cytosolic
FBXO2,Mostly Cytosolic
FDPS,Mostly Cytosolic
FGD1,Mostly Cytosolic
FKBP1A,Mostly Cytosolic
GLRX3,Mostly Cytosolic
GMDS,Mostly Cytosolic
GNB1L,Mostly Cytosolic
GNE,Mostly Cytosolic
GNPDA1,Mostly Cytosolic
GSE1,Mostly Cytosolic
GSS,Mostly Cytosolic
H1-10,Mostly Nuclear
H2AZ1,Mostly Nuclear
HECTD1,Mostly Cytosolic
HMGN2,Mostly Nuclear
HSPA2,Mostly Cytosolic
IDH1,Mostly Cytosolic
IFI16,Mostly Nuclear
IFIT1,Mostly Cytosolic
IMP3,Mostly Nuclear
KCMF1,Mostly Cytosolic
PUM3,Mostly Nuclear
KIAA1217,Mostly Cytosolic
SHTN1,Mostly Cytosolic
LDHB,Mostly Cytosolic
MAEA,Mostly Cytosolic
MED30,Mostly Nuclear
MRI1,Mostly Cytosolic
MTAP,Mostly Cytosolic
MYO9B,Mostly Cytosolic
NDRG1,Mostly Cytosolic
NGDN,Mostly Nuclear
NMNAT1,Mostly Nuclear
NOL12,Mostly Nuclear
PAFAH1B3,Mostly Cytosolic
PBK,Mostly Cytosolic
PCYT1A,Mostly Cytosolic
PDCD6,Mostly Cytosolic
PDCD6IP,Mostly Cytosolic
PDS5B,Mostly Nuclear
PEBP1,Mostly Cytosolic
PGLS,Mostly Cytosolic
PI4KB,Mostly Cytosolic
PIR,Mostly Cytosolic
POLE3,Mostly Cytosolic
PRKD2,Mostly Cytosolic
PSMD10,Mostly Cytosolic
RAD1,Mostly Cytosolic
RAD51AP1,Mostly Nuclear
RBMXL1,Mostly Nuclear
RPS19BP1,Mostly Nuclear
SERPINB1,Mostly Cytosolic
SERPINB6,Mostly Cytosolic
SET,Mostly Cytosolic
SFSWAP,Mostly Nuclear
SGTA,Mostly Cytosolic
SH3GL1,Mostly Cytosolic
SMARCE1,Mostly Nuclear
SMC5,Mostly Nuclear
SRI,Mostly Cytosolic
STAMBPL1,Mostly Cytosolic
SUGT1,Mostly Cytosolic
TAB1,Mostly Cytosolic
TAF6,Mostly Nuclear
TBL3,Mostly Nuclear
TEX10,Mostly Nuclear
THOC7,Mostly Nuclear
TRIP12,Mostly Nuclear
TRIP6,Mostly Cytosolic
TRMT10A,Mostly Cytosolic
UAP1,Mostly Cytosolic
UBA1,Mostly Cytosolic
UBXN1,Mostly Cytosolic
UCK2,Mostly Cytosolic
UROD,Mostly Cytosolic
USP24,Mostly Cytosolic
UTP14A,Mostly Nuclear
UTP6,Mostly Nuclear
WDR36,Mostly Nuclear
WDR44,Mostly Cytosolic
WRN,Mostly Nuclear
XPO7,Mostly Cytosolic
XPOT,Mostly Cytosolic
ZC3H13,Mostly Nuclear
AACS,Mostly Cytosolic
ABHD14B,Mostly Cytosolic
ACIN1,Mostly Nuclear
ACOT7,Mostly Cytosolic
ADH5,Mostly Cytosolic
ADK,Mostly Cytosolic
AFF4,Mostly Nuclear
AHCTF1,Mostly Nuclear
AHCY,Mostly Cytosolic
AK6,Mostly Cytosolic
ALDH1A3,Mostly Cytosolic
ANKRD52,Mostly Cytosolic
ANXA1,Mostly Cytosolic
ANXA3,Mostly Cytosolic
ANXA5,Mostly Cytosolic
APOBEC3B,Mostly Nuclear
APRT,Mostly Cytosolic
ARHGDIA,Mostly Cytosolic
ARMT1,Mostly Cytosolic
ATOX1,Mostly Cytosolic
BLVRB,Mostly Cytosolic
BOLA2,Mostly Cytosolic
BOP1,Mostly Nuclear
CZIB,Mostly Cytosolic
CARHSP1,Mostly Cytosolic
CBX8,Mostly Nuclear
CCDC86,Mostly Nuclear
CDKN2A,Mostly Cytosolic
CHD4,Mostly Nuclear
CKB,Mostly Cytosolic
CMAS,Mostly Nuclear
CMBL,Mostly Cytosolic
CNDP2,Mostly Cytosolic
CPNE1,Mostly Cytosolic
CRYZL1,Mostly Cytosolic
DBI,Mostly Cytosolic
DCAF8,Mostly Cytosolic
DCTPP1,Mostly Cytosolic
DDT,Mostly Cytosolic
DEK,Mostly Nuclear
DHFR,Mostly Cytosolic
DNAJC6,Mostly Cytosolic
DPP3,Mostly Cytosolic
DVL2,Mostly Cytosolic
EIF1AD,Mostly Cytosolic
EIF4EBP1,Mostly Cytosolic
ESCO2,Mostly Nuclear
ESD,Mostly Cytosolic
ESF1,Mostly Nuclear
TASOR,Mostly Nuclear
FBXL6,Mostly Nuclear
G6PD,Mostly Cytosolic
GATAD2B,Mostly Nuclear
GBE1,Mostly Cytosolic
GDA,Mostly Cytosolic
GGCT,Mostly Cytosolic
GLO1,Mostly Cytosolic
GLOD4,Mostly Cytosolic
GLRX,Mostly Cytosolic
GLYR1,Mostly Nuclear
GMPPA,Mostly Cytosolic
GMPR2,Mostly Cytosolic
GOT1,Mostly Cytosolic
GSTM3,Mostly Cytosolic
GSTO1,Mostly Cytosolic
HDAC1,Mostly Nuclear
HECTD3,Mostly Cytosolic
HINT1,Mostly Cytosolic
H2AC18,Mostly Nuclear
HMBS,Mostly Cytosolic
HMGA1,Mostly Nuclear
JPT1,Mostly Cytosolic
HPRT1,Mostly Cytosolic
IFT25,Mostly Cytosolic
IFIT3,Mostly Cytosolic
IL18,Mostly Cytosolic
IMUP,Mostly Cytosolic
VIRMA,Mostly Nuclear
KLHL7,Mostly Nuclear
KNTC1,Mostly Cytosolic
KYNU,Mostly Cytosolic
LTA4H,Mostly Cytosolic
MAP2K2,Mostly Cytosolic
MAP3K7,Mostly Cytosolic
MAPK14,Mostly Cytosolic
MAT2A,Mostly Cytosolic
MAT2B,Mostly Cytosolic
MTA2,Mostly Nuclear
MTPN,Mostly Cytosolic
MYBBP1A,Mostly Nuclear
NAE1,Mostly Cytosolic
NANS,Mostly Cytosolic
NAPRT,Mostly Cytosolic
NBN,Mostly Nuclear
NCDN,Mostly Cytosolic
NCOA5,Mostly Nuclear
NDRG3,Mostly Cytosolic
NEDD4,Mostly Cytosolic
NOC3L,Mostly Nuclear
NOL6,Mostly Nuclear
NOP10,Mostly Nuclear
NOP56,Mostly Nuclear
NQO2,Mostly Cytosolic
NSA2,Mostly Nuclear
NUBP1,Mostly Cytosolic
NUDT5,Mostly Cytosolic
NUTF2,Mostly Cytosolic
OGFR,Mostly Cytosolic
OTUB1,Mostly Cytosolic
PDXK,Mostly Cytosolic
PFAS,Mostly Cytosolic
PFDN4,Mostly Cytosolic
PGAM1,Mostly Cytosolic
PGM1,Mostly Cytosolic
PGM2,Mostly Cytosolic
PGM3,Mostly Cytosolic
PGP,Mostly Cytosolic
PHAX,Mostly Cytosolic
PHF3,Mostly Nuclear
PHPT1,Mostly Cytosolic
PLA2G4A,Mostly Cytosolic
PLAA,Mostly Cytosolic
PLEKHG4,Mostly Cytosolic
PLIN2,Mostly Cytosolic
PLIN3,Mostly Cytosolic
PNP,Mostly Cytosolic
PPA1,Mostly Cytosolic
PPM1G,Mostly Cytosolic
PPME1,Mostly Cytosolic
PPP1R2,Mostly Cytosolic
PPP1R7,Mostly Cytosolic
PRDX6,Mostly Cytosolic
PREP,Mostly Cytosolic
PSAT1,Mostly Cytosolic
PSIP1,Mostly Nuclear
PSPH,Mostly Cytosolic
PWP2,Mostly Nuclear
PYCR3,Mostly Cytosolic
RABGGTB,Mostly Cytosolic
RBM5,Mostly Nuclear
RCC1,Mostly Nuclear
RELA,Mostly Cytosolic
RIF1,Mostly Nuclear
RIOK1,Mostly Cytosolic
RIOK2,Mostly Cytosolic
RNPEP,Mostly Cytosolic
RPUSD2,Mostly Cytosolic
RSL1D1,Mostly Nuclear
RTF1,Mostly Cytosolic
RUNX1,Mostly Nuclear
S100A11,Mostly Cytosolic
S100A4,Mostly Cytosolic
S100A6,Mostly Cytosolic
SELENBP1,Mostly Cytosolic
SENP3,Mostly Nuclear
SMAP,Mostly Cytosolic
SMARCA4,Mostly Nuclear
SMARCA5,Mostly Nuclear
SMS,Mostly Cytosolic
SOD1,Mostly Cytosolic
SRM,Mostly Cytosolic
SSB,Mostly Cytosolic
STMN1,Mostly Cytosolic
STMN2,Mostly Cytosolic
SULT1A4,Mostly Cytosolic
TBCA,Mostly Cytosolic
TBCB,Mostly Cytosolic
TCF3,Mostly Cytosolic
TFAP2A,Mostly Nuclear
THOC1,Mostly Nuclear
THOP1,Mostly Cytosolic
THUMPD3,Mostly Cytosolic
TIPRL,Mostly Cytosolic
TLK1,Mostly Nuclear
TMSB10,Mostly Cytosolic
TMSB4X,Mostly Cytosolic
TPI1,Mostly Cytosolic
TPRKB,Mostly Cytosolic
TRIM16,Mostly Cytosolic
TTC27,Mostly Cytosolic
TXNDC17,Mostly Cytosolic
TYMP,Mostly Cytosolic
UBA6,Mostly Cytosolic
UBE2C,Mostly Cytosolic
UBE2K,Mostly Cytosolic
UBE2Q1,Mostly Cytosolic
UBXN7,Mostly Cytosolic
UCHL3,Mostly Cytosolic
UHRF1,Mostly Nuclear
UNC119B,Mostly Cytosolic
URB2,Mostly Nuclear
USP47,Mostly Cytosolic
USP5,Mostly Cytosolic
UTP15,Mostly Nuclear
DCAF1,Mostly Cytosolic
VPS4A,Mostly Cytosolic
VTA1,Mostly Cytosolic
WDR43,Mostly Nuclear
XPNPEP1,Mostly Cytosolic
ZMYM4,Mostly Nuclear
NUP35,Mostly Nuclear
NUP54,Mostly Nuclear
NUP58,Mostly Nuclear
TMPO,Mostly Nuclear
LEMD3,Mostly Nuclear
SMPD4,Mostly Nuclear
SUN2,Mostly Nuclear
TOR1AIP1,Mostly Nuclear
SUN1,Mostly Nuclear
TMEM209,Mostly Nuclear
ANXA8L1,Mostly Cytosolic
ATAD2,Mostly Nuclear
BDH2,Mostly Cytosolic
CEBPZ,Mostly Nuclear
CHAF1A,Mostly Nuclear
COMMD9,Mostly Cytosolic
DDX21,Mostly Nuclear
DFFA,Mostly Cytosolic
DNTTIP2,Mostly Nuclear
DPH5,Mostly Cytosolic
PSME3IP1,Mostly Cytosolic
FBL,Mostly Nuclear
GSN,Mostly Cytosolic
HMGCS1,Mostly Cytosolic
HMGN1,Mostly Nuclear
HP1BP3,Mostly Nuclear
LMNB2,Mostly Nuclear
MDC1,Mostly Nuclear
MKI67,Mostly Nuclear
NASP,Mostly Cytosolic
NOC2L,Mostly Nuclear
NOL10,Mostly Nuclear
NOL8,Mostly Nuclear
NOP58,Mostly Nuclear
NT5DC1,Mostly Cytosolic
NUMA1,Mostly Nuclear
NUP153,Mostly Nuclear
OSBP,Mostly Cytosolic
PDCD11,Mostly Nuclear
PHF14,Mostly Nuclear
PSMG2,Mostly Cytosolic
PTMA,Mostly Cytosolic
PTMS,Mostly Cytosolic
RANBP3,Mostly Cytosolic
RRP9,Mostly Nuclear
SAE1,Mostly Cytosolic
SMARCB1,Mostly Nuclear
SMARCC1,Mostly Nuclear
SMARCC2,Mostly Nuclear
SMARCD1,Mostly Nuclear
SNCG,Mostly Cytosolic
SS18,Mostly Nuclear
STAMBP,Mostly Cytosolic
TALDO1,Mostly Cytosolic
TOP2B,Mostly Nuclear
TPM1,Mostly Cytosolic
GFUS,Mostly Cytosolic
UBA2,Mostly Cytosolic
UBE3A,Mostly Cytosolic
YY1,Mostly Nuclear
ZC3H14,Mostly Nuclear
ZYG11B,Mostly Cytosolic
AAGAB,Mostly Cytosolic
AAMDC,Mostly Cytosolic
AAR2,Mostly Cytosolic
AASDH,Mostly Cytosolic
AATF,Mostly Nuclear
AATK,Mostly Cytosolic
ABHD15,Mostly Cytosolic
ABT1,Mostly Nuclear
ABTB2,Mostly Cytosolic
ACBD6,Mostly Cytosolic
ACIN1,Mostly Nuclear
ACOT11,Mostly Cytosolic
ACP1,Mostly Cytosolic
ACSS2,Mostly Cytosolic
ACY1,Mostly Cytosolic
ADA,Mostly Cytosolic
ADAL,Mostly Cytosolic
ADAR,Mostly Nuclear
ADAT1,Mostly Cytosolic
ADAT2,Mostly Cytosolic
ADAT3,Mostly Cytosolic
ADCK2,Mostly Cytosolic
ADI1,Mostly Cytosolic
ADIRF,Mostly Cytosolic
ADNP,Mostly Nuclear
ADNP2,Mostly Nuclear
ADO,Mostly Cytosolic
AEN,Mostly Nuclear
TLE5,Mostly Cytosolic
AFF1,Mostly Nuclear
AFMID,Mostly Cytosolic
AGGF1,Mostly Cytosolic
AHCYL2,Mostly Cytosolic
AHDC1,Mostly Nuclear
AHR,Mostly Cytosolic
AJUBA,Mostly Cytosolic
AKAP10,Mostly Cytosolic
AKIRIN2,Mostly Cytosolic
AKR1B15,Mostly Cytosolic
AKT1,Mostly Cytosolic
AKT1S1,Mostly Cytosolic
AKT2,Mostly Cytosolic
AKTIP,Mostly Cytosolic
ALAD,Mostly Cytosolic
ALDH3A1,Mostly Cytosolic
ALKBH4,Mostly Cytosolic
ALKBH8,Mostly Cytosolic
ALMS1,Mostly Cytosolic
AMBRA1,Mostly Cytosolic
AMD1,Mostly Cytosolic
AMDHD2,Mostly Cytosolic
ANKIB1,Mostly Cytosolic
ANKRD10,Mostly Cytosolic
ANKRD11,Mostly Nuclear
ANKRD13A,Mostly Cytosolic
ANKRD16,Mostly Cytosolic
ANKRD2,Mostly Cytosolic
SLF1,Mostly Nuclear
ANKRD39,Mostly Cytosolic
ANKRD40,Mostly Cytosolic
ANKRD44,Mostly Cytosolic
ANKRD49,Mostly Cytosolic
ANKRD54,Mostly Cytosolic
ANKS1A,Mostly Cytosolic
ANP32E,Mostly Cytosolic
AP3D1,Mostly Cytosolic
AP4B1,Mostly Cytosolic
AP4M1,Mostly Cytosolic
AP5M1,Mostly Cytosolic
AP5S1,Mostly Cytosolic
APAF1,Mostly Cytosolic
API5,Mostly Nuclear
APIP,Mostly Cytosolic
APPBP2,Mostly Cytosolic
APPL2,Mostly Cytosolic
ARAF,Mostly Cytosolic
ARF3,Mostly Cytosolic
ARHGAP11A,Mostly Nuclear
ARHGAP27,Mostly Cytosolic
ARHGAP4,Mostly Cytosolic
ARHGDIB,Mostly Cytosolic
ARHGEF10,Mostly Cytosolic
ARHGEF28,Mostly Cytosolic
ARHGEF35,Mostly Cytosolic
ARID1A,Mostly Nuclear
ARID1B,Mostly Nuclear
ARID4A,Mostly Nuclear
ARID4B,Mostly Nuclear
ARID5B,Mostly Nuclear
ARIH2,Mostly Cytosolic
ARL2BP,Mostly Cytosolic
ARL6,Mostly Cytosolic
ARL6IP6,Mostly Nuclear
ARMC6,Mostly Cytosolic
BMAL1,Mostly Nuclear
ARR3,Mostly Cytosolic
ASAP3,Mostly Cytosolic
ASB1,Mostly Cytosolic
ASB13,Mostly Cytosolic
ASB6,Mostly Cytosolic
ASB7,Mostly Nuclear
ASB9,Mostly Cytosolic
ASF1B,Mostly Cytosolic
ASH1L,Mostly Nuclear
ASL,Mostly Cytosolic
ASMTL,Mostly Cytosolic
ASNSD1,Mostly Cytosolic
ASPSCR1,Mostly Cytosolic
ASRGL1,Mostly Cytosolic
ASXL2,Mostly Nuclear
ATAD2B,Mostly Nuclear
ATAD5,Mostly Nuclear
ATE1,Mostly Cytosolic
ATE1,Mostly Cytosolic
ATF1,Mostly Nuclear
ATF2,Mostly Nuclear
ATF3,Mostly Nuclear
ATF4,Mostly Nuclear
ATF7,Mostly Nuclear
ATG101,Mostly Cytosolic
ATG12,Mostly Cytosolic
ATG13,Mostly Cytosolic
ATG2B,Mostly Cytosolic
ATG4A,Mostly Cytosolic
ATG4B,Mostly Cytosolic
ATG4C,Mostly Cytosolic
ATG5,Mostly Cytosolic
ATG7,Mostly Cytosolic
ATRX,Mostly Nuclear
ATRX,Mostly Nuclear
ATRX,Mostly Nuclear
ATXN1,Mostly Nuclear
ATXN3,Mostly Cytosolic
ATXN7,Mostly Nuclear
ATXN7L3,Mostly Nuclear
ATXN7L3B,Mostly Cytosolic
AZI2,Mostly Cytosolic
AZIN1,Mostly Cytosolic
BABAM1,Mostly Cytosolic
BAG4,Mostly Cytosolic
BAHD1,Mostly Nuclear
BANP,Mostly Nuclear
BAP1,Mostly Nuclear
BAP18,Mostly Nuclear
BAP18,Mostly Nuclear
BARD1,Mostly Nuclear
BARX1,Mostly Nuclear
BAZ1A,Mostly Nuclear
BAZ2A,Mostly Nuclear
BAZ2B,Mostly Nuclear
BBX,Mostly Nuclear
BCCIP,Mostly Cytosolic
BCDIN3D,Mostly Cytosolic
BCL10,Mostly Cytosolic
BCL3,Mostly Cytosolic
BCL6,Mostly Nuclear
BCL7A,Mostly Nuclear
BCL7A,Mostly Nuclear
BCL7B,Mostly Nuclear
BCL7C,Mostly Nuclear
BCL9,Mostly Cytosolic
BCOR,Mostly Nuclear
BCORL1,Mostly Nuclear
BDP1,Mostly Nuclear
BEGAIN,Mostly Cytosolic
BEND3,Mostly Nuclear
BHLHE40,Mostly Nuclear
BIN3,Mostly Cytosolic
BIRC2,Mostly Cytosolic
BLOC1S6,Mostly Cytosolic
BMI1,Mostly Nuclear
BNC2,Mostly Nuclear
BNIP2,Mostly Cytosolic
BOD1,Mostly Cytosolic
BOD1L1,Mostly Nuclear
BOLA1,Mostly Cytosolic
RTL10,Mostly Cytosolic
BORA,Mostly Cytosolic
BPGM,Mostly Cytosolic
BRAF,Mostly Cytosolic
BRAT1,Mostly Cytosolic
BRCA1,Mostly Nuclear
BRD1,Mostly Nuclear
BRD1,Mostly Nuclear
BRD2,Mostly Nuclear
BRD3,Mostly Nuclear
BRD4,Mostly Nuclear
BRD7,Mostly Nuclear
BRD7,Mostly Nuclear
BRD8,Mostly Nuclear
BRD9,Mostly Nuclear
BRF2,Mostly Nuclear
BRMS1,Mostly Nuclear
BRMS1L,Mostly Nuclear
BRPF1,Mostly Nuclear
BRPF3,Mostly Nuclear
BRWD1,Mostly Nuclear
BRWD3,Mostly Nuclear
BTBD10,Mostly Cytosolic
LCOR,Mostly Nuclear
PAAT,Mostly Cytosolic
CSTPP1,Mostly Cytosolic
C11orf54,Mostly Cytosolic
NKAPD1,Mostly Nuclear
C11orf68,Mostly Cytosolic
HIKESHI,Mostly Cytosolic
SPINDOC,Mostly Nuclear
NOPCHAP1,Mostly Cytosolic
C14orf119,Mostly Cytosolic
GON7,Mostly Cytosolic
C14orf93,Mostly Nuclear
C15orf39,Mostly Cytosolic
CCDC32,Mostly Cytosolic
METTL26,Mostly Cytosolic
PHAF1,Mostly Cytosolic
HAPSTR1,Mostly Cytosolic
EPOP,Mostly Nuclear
C18orf21,Mostly Nuclear
C19orf12,Mostly Cytosolic
C19orf47,Mostly Nuclear
ACTMAP,Mostly Cytosolic
FIRRM,Mostly Cytosolic
C1orf131,Mostly Nuclear
C1orf174,Mostly Nuclear
C1orf50,Mostly Cytosolic
C1orf52,Mostly Cytosolic
WDCP,Mostly Cytosolic
C2orf49,Mostly Nuclear
C2orf69,Mostly Cytosolic
C2orf76,Mostly Cytosolic
C3orf38,Mostly Cytosolic
C5orf22,Mostly Cytosolic
C5orf24,Mostly Nuclear
C5orf34,Mostly Cytosolic
RIMOC1,Mostly Cytosolic
ILRUN,Mostly Cytosolic
C7orf25,Mostly Cytosolic
INTS15,Mostly Nuclear
CFAP418,Mostly Cytosolic
C8orf76,Mostly Cytosolic
SPOUT1,Mostly Nuclear
PAXX,Mostly Cytosolic
TRMO,Mostly Cytosolic
BBLN,Mostly Cytosolic
C9orf40,Mostly Cytosolic
CARNMT1,Mostly Cytosolic
QNG1,Mostly Cytosolic
CABIN1,Mostly Nuclear
CACUL1,Mostly Cytosolic
CALCOCO1,Mostly Cytosolic
CALD1,Mostly Nuclear
CAMK1D,Mostly Cytosolic
CAMKK1,Mostly Cytosolic
CAMKK2,Mostly Cytosolic
CAMKMT,Mostly Cytosolic
CAPN1,Mostly Cytosolic
CARD14,Mostly Cytosolic
CARS1,Mostly Cytosolic
CASP1,Mostly Cytosolic
CASP10,Mostly Cytosolic
CASP2,Mostly Cytosolic
CASP3,Mostly Cytosolic
CASP4,Mostly Cytosolic
CASP6,Mostly Cytosolic
CASP7,Mostly Cytosolic
CASP8,Mostly Cytosolic
CASP8AP2,Mostly Nuclear
CASP9,Mostly Cytosolic
CBFB,Mostly Cytosolic
CBL,Mostly Cytosolic
CBLL1,Mostly Nuclear
CBR3,Mostly Cytosolic
ZNG1B,Mostly Cytosolic
CBX2,Mostly Nuclear
CBX6,Mostly Nuclear
KYAT1,Mostly Cytosolic
SGF29,Mostly Nuclear
CCDC117,Mostly Cytosolic
CCDC71,Mostly Nuclear
CCDC71L,Mostly Nuclear
CCDC82,Mostly Cytosolic
CCDC91,Mostly Cytosolic
CCDC97,Mostly Cytosolic
CCNC,Mostly Nuclear
CCND1,Mostly Cytosolic
CCND3,Mostly Cytosolic
CCNDBP1,Mostly Cytosolic
CCNE2,Mostly Nuclear
CCNL2,Mostly Cytosolic
CCP110,Mostly Cytosolic
CCS,Mostly Cytosolic
CDA,Mostly Cytosolic
CDAN1,Mostly Cytosolic
CDC25B,Mostly Cytosolic
CDC25C,Mostly Cytosolic
CDC34,Mostly Cytosolic
CDC37L1,Mostly Cytosolic
CDC42EP2,Mostly Cytosolic
CDCA2,Mostly Nuclear
CDCA5,Mostly Nuclear
CDCA7,Mostly Nuclear
CDCA7L,Mostly Nuclear
CDK10,Mostly Nuclear
CDK18,Mostly Cytosolic
CDK19,Mostly Nuclear
CDK2AP1,Mostly Nuclear
CDK6,Mostly Cytosolic
CDR2L,Mostly Cytosolic
CDYL,Mostly Nuclear
CDYL2,Mostly Nuclear
CEBPA,Mostly Nuclear
CEBPB,Mostly Nuclear
CEBPD,Mostly Nuclear
CEBPG,Mostly Nuclear
CENPB,Mostly Nuclear
CENPC,Mostly Nuclear
CENPI,Mostly Nuclear
CENPL,Mostly Nuclear
CENPN,Mostly Nuclear
CENPO,Mostly Nuclear
CENPP,Mostly Nuclear
CENPQ,Mostly Nuclear
CENPT,Mostly Nuclear
CENPU,Mostly Nuclear
CENPV,Mostly Nuclear
CENPW,Mostly Nuclear
CEP170B,Mostly Cytosolic
CEP250,Mostly Cytosolic
CEP76,Mostly Cytosolic
CEP97,Mostly Cytosolic
CFAP36,Mostly Cytosolic
CFDP1,Mostly Cytosolic
CHAC1,Mostly Cytosolic
CHAC2,Mostly Cytosolic
CHAMP1,Mostly Nuclear
CHD2,Mostly Nuclear
CHD6,Mostly Nuclear
CHD7,Mostly Nuclear
CHD8,Mostly Nuclear
CHD9,Mostly Nuclear
CHEK2,Mostly Cytosolic
CHKA,Mostly Cytosolic
CHKB,Mostly Cytosolic
CHM,Mostly Cytosolic
CHML,Mostly Cytosolic
CHMP7,Mostly Cytosolic
CHUK,Mostly Cytosolic
CHURC1,Mostly Cytosolic
CIC,Mostly Nuclear
CIR1,Mostly Nuclear
CIZ1,Mostly Nuclear
CLIC3,Mostly Cytosolic
CLINT1,Mostly Cytosolic
CLK1,Mostly Nuclear
CLK2,Mostly Nuclear
CLK4,Mostly Nuclear
CLSPN,Mostly Cytosolic
CMIP,Mostly Cytosolic
CMTR2,Mostly Cytosolic
COG8,Mostly Cytosolic
CERT1,Mostly Cytosolic
COL9A3,Mostly Cytosolic
COMMD1,Mostly Cytosolic
COMMD2,Mostly Cytosolic
COMMD5,Mostly Cytosolic
COMMD6,Mostly Cytosolic
COMMD8,Mostly Cytosolic
COPRS,Mostly Cytosolic
COPS7B,Mostly Cytosolic
CPLX1,Mostly Cytosolic
CPPED1,Mostly Cytosolic
CPSF4,Mostly Nuclear
CPTP,Mostly Cytosolic
CRADD,Mostly Cytosolic
CRBN,Mostly Cytosolic
CRCP,Mostly Cytosolic
CREB1,Mostly Nuclear
CREM,Mostly Nuclear
CRLF3,Mostly Cytosolic
CRTC1,Mostly Cytosolic
CRTC2,Mostly Cytosolic
CRYAB,Mostly Cytosolic
CRYBG3,Mostly Cytosolic
CSAD,Mostly Cytosolic
KAT14,Mostly Nuclear
CTBP1,Mostly Cytosolic
CTCF,Mostly Nuclear
CTDP1,Mostly Cytosolic
CTDSPL2,Mostly Nuclear
CTNNBIP1,Mostly Cytosolic
CTU1,Mostly Cytosolic
CTU2,Mostly Cytosolic
CUEDC1,Mostly Cytosolic
CUEDC2,Mostly Cytosolic
CUL7,Mostly Cytosolic
CUL9,Mostly Cytosolic
CWC15,Mostly Nuclear
BCLAF3,Mostly Nuclear
CXorf38,Mostly Cytosolic
CXXC1,Mostly Nuclear
CXXC5,Mostly Nuclear
CYB5R4,Mostly Cytosolic
ZFTRAF1,Mostly Cytosolic
DALRD3,Mostly Cytosolic
DAZAP2,Mostly Cytosolic
DCAF10,Mostly Cytosolic
DCAF11,Mostly Cytosolic
DCAF15,Mostly Cytosolic
DCAF16,Mostly Cytosolic
DCAF6,Mostly Cytosolic
DCK,Mostly Cytosolic
DCLK2,Mostly Cytosolic
DCPS,Mostly Cytosolic
DCTD,Mostly Cytosolic
DDA1,Mostly Cytosolic
DDB2,Mostly Nuclear
DDHD2,Mostly Cytosolic
DDI2,Mostly Cytosolic
DDIT4,Mostly Cytosolic
DDX51,Mostly Nuclear
RIGI,Mostly Cytosolic
DEAF1,Mostly Nuclear
DEDD,Mostly Nuclear
DENND1A,Mostly Cytosolic
DENND1B,Mostly Cytosolic
DENND5A,Mostly Cytosolic
DESI1,Mostly Cytosolic
DFFA,Mostly Cytosolic
DFFB,Mostly Cytosolic
DGKA,Mostly Cytosolic
DGKH,Mostly Cytosolic
DGKZ,Mostly Cytosolic
DHPS,Mostly Cytosolic
DHRS11,Mostly Cytosolic
DHX32,Mostly Cytosolic
DHX33,Mostly Nuclear
DHX58,Mostly Cytosolic
DIS3L2,Mostly Cytosolic
DLGAP4,Mostly Cytosolic
DLX1,Mostly Nuclear
DLX2,Mostly Nuclear
DLX3,Mostly Nuclear
DMAP1,Mostly Nuclear
DMXL2,Mostly Cytosolic
DNA2,Mostly Cytosolic
DNAAF2,Mostly Cytosolic
DNAJB2,Mostly Cytosolic
DNAJC12,Mostly Cytosolic
DNAJC21,Mostly Cytosolic
DNAL1,Mostly Cytosolic
DNM1L,Mostly Cytosolic
DNMT1,Mostly Nuclear
DNMT3A,Mostly Nuclear
DNMT3B,Mostly Nuclear
DNPH1,Mostly Cytosolic
DNTTIP1,Mostly Nuclear
DOHH,Mostly Cytosolic
DOK1,Mostly Cytosolic
DOP1B,Mostly Cytosolic
DOT1L,Mostly Nuclear
DPF1,Mostly Nuclear
DPF2,Mostly Nuclear
DPH1,Mostly Cytosolic
DPH2,Mostly Cytosolic
DPH3,Mostly Cytosolic
DPH6,Mostly Cytosolic
DPH7,Mostly Cytosolic
DPP8,Mostly Cytosolic
DSTYK,Mostly Cytosolic
DTD2,Mostly Cytosolic
DTWD2,Mostly Cytosolic
DUS1L,Mostly Cytosolic
DUSP14,Mostly Nuclear
DUSP16,Mostly Cytosolic
DUSP19,Mostly Cytosolic
DUSP23,Mostly Cytosolic
DUSP9,Mostly Cytosolic
DVL1,Mostly Cytosolic
DVL3,Mostly Cytosolic
DYNC2LI1,Mostly Cytosolic
E2F4,Mostly Cytosolic
E2F6,Mostly Nuclear
E2F7,Mostly Nuclear
EAPP,Mostly Cytosolic
EEF1AKMT4-ECE2,Mostly Cytosolic
EEF1A2,Mostly Cytosolic
EEF2K,Mostly Cytosolic
EEF2KMT,Mostly Cytosolic
EHBP1,Mostly Cytosolic
EHMT1,Mostly Nuclear
EHMT2,Mostly Nuclear
EIF2AK1,Mostly Cytosolic
EIF4EBP2,Mostly Cytosolic
ELAC1,Mostly Cytosolic
ELF1,Mostly Nuclear
ELF2,Mostly Nuclear
ELF3,Mostly Nuclear
ELK1,Mostly Nuclear
ELL,Mostly Nuclear
ELL2,Mostly Nuclear
MIDEAS,Mostly Nuclear
ELP4,Mostly Cytosolic
ELP5,Mostly Cytosolic
ELP6,Mostly Cytosolic
EMSY,Mostly Nuclear
ENO2,Mostly Cytosolic
ENOPH1,Mostly Cytosolic
ENOSF1,Mostly Cytosolic
TEPSIN,Mostly Cytosolic
EP400,Mostly Nuclear
EP400P1,Mostly Nuclear
EPB41L3,Mostly Cytosolic
EPC1,Mostly Nuclear
EPC2,Mostly Nuclear
EPG5,Mostly Cytosolic
EPM2AIP1,Mostly Cytosolic
ERCC6L,Mostly Cytosolic
ERCC8,Mostly Cytosolic
ERG,Mostly Nuclear
ERICH1,Mostly Cytosolic
ERRFI1,Mostly Cytosolic
ESRRA,Mostly Nuclear
ETNK1,Mostly Cytosolic
ETV3,Mostly Nuclear
EVI5,Mostly Cytosolic
EVI5L,Mostly Cytosolic
EZH1,Mostly Nuclear
EZH2,Mostly Nuclear
F8A1;,Mostly Cytosolic
FAAP100,Mostly Cytosolic
FAAP20,Mostly Cytosolic
FABP3,Mostly Cytosolic
FADD,Mostly Cytosolic
FAH,Mostly Cytosolic
FAIM,Mostly Cytosolic
FAM110B,Mostly Cytosolic
FAM111B,Mostly Cytosolic
FAM118A,Mostly Cytosolic
FAM118B,Mostly Cytosolic
PABIR1,Mostly Cytosolic
PABIR2,Mostly Cytosolic
FHIP1A,Mostly Cytosolic
FHIP1B,Mostly Cytosolic
FHIP2B,Mostly Cytosolic
FAM168B,Mostly Cytosolic
ABRAXAS1,Mostly Nuclear
SLF2,Mostly Nuclear
MINDY3,Mostly Cytosolic
ABITRAM,Mostly Cytosolic
TASOR2,Mostly Nuclear
WASHC2C,Mostly Cytosolic
DENND10,Mostly Cytosolic
TENT5A,Mostly Cytosolic
CCNQ,Mostly Nuclear
RIPOR1,Mostly Cytosolic
FAM76A,Mostly Nuclear
CIAO2A,Mostly Cytosolic
FANCB,Mostly Cytosolic
FANCE,Mostly Cytosolic
FANCG,Mostly Cytosolic
FBLIM1,Mostly Cytosolic
FBLL1,Mostly Nuclear
FBRSL1,Mostly Cytosolic
FBXL15,Mostly Cytosolic
FBXL16,Mostly Cytosolic
FBXL17,Mostly Cytosolic
FBXL19,Mostly Nuclear
FBXL3,Mostly Cytosolic
FBXL8,Mostly Cytosolic
FBXO17,Mostly Cytosolic
FBH1,Mostly Cytosolic
FBXO21,Mostly Cytosolic
FBXO22,Mostly Cytosolic
FBXO28,Mostly Nuclear
FBXO3,Mostly Cytosolic
FBXO30,Mostly Cytosolic
FBXO4,Mostly Cytosolic
FBXO42,Mostly Cytosolic
FBXO46,Mostly Cytosolic
FBXO7,Mostly Cytosolic
FBXO9,Mostly Cytosolic
FBXW2,Mostly Cytosolic
FBXW5,Mostly Cytosolic
FCF1,Mostly Nuclear
FEM1B,Mostly Cytosolic
FEZ2,Mostly Cytosolic
FGD6,Mostly Cytosolic
FGGY,Mostly Cytosolic
FHL1,Mostly Cytosolic
FHL3,Mostly Cytosolic
FIGNL1,Mostly Cytosolic
FKBPL,Mostly Cytosolic
FLYWCH1,Mostly Nuclear
FN3KRP,Mostly Cytosolic
FNBP1,Mostly Cytosolic
FNBP4,Mostly Nuclear
FNIP1,Mostly Cytosolic
FNTA,Mostly Cytosolic
FNTB,Mostly Cytosolic
FOS,Mostly Nuclear
FOSB,Mostly Nuclear
FOSL1,Mostly Nuclear
FOSL2,Mostly Nuclear
FOXA1,Mostly Nuclear
FOXC1,Mostly Nuclear
FOXC2,Mostly Nuclear
FOXL2,Mostly Nuclear
FOXO1,Mostly Cytosolic
FOXP1,Mostly Nuclear
FPGT,Mostly Cytosolic
FRYL,Mostly Cytosolic
FTO,Mostly Cytosolic
FCSK,Mostly Cytosolic
FYCO1,Mostly Cytosolic
FYTTD1,Mostly Nuclear
G2E3,Mostly Nuclear
GAB1,Mostly Cytosolic
GAB2,Mostly Cytosolic
GALE,Mostly Cytosolic
GALK1,Mostly Cytosolic
GALK2,Mostly Cytosolic
GALM,Mostly Cytosolic
GALT,Mostly Cytosolic
GAMT,Mostly Cytosolic
GAN,Mostly Cytosolic
GANC,Mostly Cytosolic
GATA2,Mostly Nuclear
GATA6,Mostly Nuclear
GATAD1,Mostly Nuclear
GATAD2A,Mostly Nuclear
CASTOR2,Mostly Cytosolic
GBF1,Mostly Cytosolic
GCA,Mostly Cytosolic
GCFC2,Mostly Cytosolic
GCHFR,Mostly Cytosolic
GCLC,Mostly Cytosolic
GDI1,Mostly Cytosolic
GDPGP1,Mostly Cytosolic
GFPT2,Mostly Cytosolic
GGA1,Mostly Cytosolic
GGA2,Mostly Cytosolic
GGA3,Mostly Cytosolic
GGPS1,Mostly Cytosolic
GID4,Mostly Cytosolic
GIGYF1,Mostly Cytosolic
GINS1,Mostly Cytosolic
GINS2,Mostly Cytosolic
GINS3,Mostly Cytosolic
GINS4,Mostly Cytosolic
GIPC3,Mostly Cytosolic
GLCCI1,Mostly Cytosolic
GLIS2,Mostly Nuclear
GLTP,Mostly Cytosolic
BICRAL,Mostly Nuclear
GLUL,Mostly Cytosolic
GLYR1,Mostly Nuclear
GMCL1,Mostly Nuclear
GMEB1,Mostly Nuclear
GMEB2,Mostly Nuclear
GMPPB,Mostly Cytosolic
GNB5,Mostly Cytosolic
GNPDA2,Mostly Cytosolic
GON4L,Mostly Nuclear
GPANK1,Mostly Nuclear
GPATCH1,Mostly Nuclear
GPATCH2,Mostly Cytosolic
GPATCH2L,Mostly Cytosolic
GPCPD1,Mostly Cytosolic
GPD1,Mostly Cytosolic
GPHN,Mostly Cytosolic
GPN2,Mostly Cytosolic
GPN3,Mostly Cytosolic
GPSM1,Mostly Cytosolic
GPSM2,Mostly Cytosolic
GRAMD1C,Mostly Nuclear
GREB1L,Mostly Cytosolic
GSDMD,Mostly Cytosolic
HASPIN,Mostly Nuclear
GSKIP,Mostly Cytosolic
GSTCD,Mostly Cytosolic
GSTM4,Mostly Cytosolic
GSTT1,Mostly Cytosolic
GSTT2B,Mostly Cytosolic
GTF2A1,Mostly Cytosolic
GTF2A2,Mostly Cytosolic
GTF2IRD1,Mostly Nuclear
GTF3A,Mostly Cytosolic
GTF3C6,Mostly Nuclear
GZF1,Mostly Nuclear
H1-0,Mostly Nuclear
H2AX,Mostly Nuclear
H3-3A,Mostly Nuclear
HAGHL,Mostly Cytosolic
HBP1,Mostly Nuclear
HCFC1,Mostly Nuclear
HCFC2,Mostly Nuclear
HDAC4,Mostly Cytosolic
HDAC6,Mostly Cytosolic
HDAC8,Mostly Cytosolic
HDDC2,Mostly Cytosolic
HDDC3,Mostly Cytosolic
HDGF,Mostly Cytosolic
PUDP,Mostly Cytosolic
HDHD2,Mostly Cytosolic
HEATR3,Mostly Cytosolic
HEBP2,Mostly Cytosolic
HELB,Mostly Cytosolic
HENMT1,Mostly Cytosolic
HERC1,Mostly Cytosolic
HES1,Mostly Nuclear
HEXIM2,Mostly Cytosolic
HIF1AN,Mostly Cytosolic
HIRA,Mostly Nuclear
H2AC11,Mostly Nuclear
H2BC4,Mostly Nuclear
H2BC11,Mostly Nuclear
H2BC13,Mostly Nuclear
H3C1,Mostly Nuclear
HLCS,Mostly Cytosolic
HMGA1,Mostly Nuclear
HMGN3,Mostly Nuclear
HMGN4,Mostly Nuclear
HMGXB3,Mostly Nuclear
HMGXB4,Mostly Nuclear
HNMT,Mostly Cytosolic
HNRNPA3,Mostly Nuclear
HNRNPC,Mostly Nuclear
HOOK1,Mostly Cytosolic
HOOK2,Mostly Cytosolic
HOXB7,Mostly Nuclear
HOXC10,Mostly Nuclear
HOXC11,Mostly Nuclear
HOXC13,Mostly Nuclear
HOXC9,Mostly Nuclear
HOXD11,Mostly Nuclear
HPS4,Mostly Cytosolic
HS1BP3,Mostly Cytosolic
HSF1,Mostly Cytosolic
HSF2,Mostly Nuclear
HSP90AB4P,Mostly Cytosolic
HSPB7,Mostly Cytosolic
HSPB8,Mostly Cytosolic
HSPBAP1,Mostly Cytosolic
HTT,Mostly Cytosolic
HYI,Mostly Cytosolic
HYKK,Mostly Cytosolic
IAH1,Mostly Cytosolic
ICE1,Mostly Nuclear
ICE2,Mostly Nuclear
ID3,Mostly Cytosolic
IFIH1,Mostly Cytosolic
IFIT2,Mostly Cytosolic
IFIT5,Mostly Cytosolic
IFT22,Mostly Cytosolic
IFT27,Mostly Cytosolic
IFT74,Mostly Cytosolic
IKBKB,Mostly Cytosolic
IKBKG,Mostly Cytosolic
IKZF5,Mostly Nuclear
IMP4,Mostly Nuclear
IMPACT,Mostly Cytosolic
INCENP,Mostly Nuclear
ING1,Mostly Nuclear
ING2,Mostly Nuclear
ING3,Mostly Nuclear
ING4,Mostly Nuclear
INO80,Mostly Nuclear
INO80B,Mostly Nuclear
INO80D,Mostly Nuclear
INO80E,Mostly Nuclear
INPP1,Mostly Cytosolic
INPP4A,Mostly Cytosolic
INPP5B,Mostly Cytosolic
INPP5F,Mostly Cytosolic
INTS10,Mostly Nuclear
INTS2,Mostly Nuclear
INTS4,Mostly Nuclear
INTS5,Mostly Nuclear
INTS6,Mostly Nuclear
INTS8,Mostly Nuclear
INTS9,Mostly Nuclear
IP6K1,Mostly Cytosolic
IPO13,Mostly Cytosolic
IPP,Mostly Cytosolic
IQCE,Mostly Cytosolic
IQSEC1,Mostly Cytosolic
IRAK1,Mostly Cytosolic
IRAK4,Mostly Cytosolic
IRF2,Mostly Nuclear
IRF3,Mostly Cytosolic
IRGQ,Mostly Cytosolic
IRX5,Mostly Cytosolic
ITFG2,Mostly Cytosolic
ITGB3BP,Mostly Nuclear
ITPKC,Mostly Cytosolic
IVNS1ABP,Mostly Cytosolic
JADE1,Mostly Nuclear
JADE2,Mostly Nuclear
JARID2,Mostly Nuclear
JAZF1,Mostly Nuclear
JDP2,Mostly Nuclear
JMJD1C,Mostly Nuclear
JMJD4,Mostly Cytosolic
JMJD6,Mostly Cytosolic
JMY,Mostly Cytosolic
JRKL,Mostly Nuclear
JUN,Mostly Nuclear
JUNB,Mostly Nuclear
JUND,Mostly Nuclear
KANSL1,Mostly Nuclear
KANSL2,Mostly Nuclear
KANSL3,Mostly Nuclear
KAT5,Mostly Nuclear
KAT6A,Mostly Nuclear
KAT7,Mostly Nuclear
KAT8,Mostly Nuclear
KATNAL1,Mostly Cytosolic
KATNAL2,Mostly Cytosolic
KBTBD2,Mostly Cytosolic
KBTBD4,Mostly Cytosolic
KBTBD6,Mostly Cytosolic
KBTBD7,Mostly Cytosolic
KCTD12,Mostly Cytosolic
KCTD21,Mostly Cytosolic
KCTD7,Mostly Cytosolic
KCTD9,Mostly Cytosolic
KDM1B,Mostly Nuclear
KDM2A,Mostly Nuclear
KDM4B,Mostly Nuclear
KDM4D,Mostly Nuclear
KDM5A,Mostly Nuclear
KDM5B,Mostly Nuclear
KDM5C,Mostly Cytosolic
KDM8,Mostly Cytosolic
KHK,Mostly Cytosolic
KIAA1143,Mostly Cytosolic
RELCH,Mostly Cytosolic
CIP2A,Mostly Cytosolic
RESF1,Mostly Nuclear
KIAA1586,Mostly Nuclear
KIF13A,Mostly Cytosolic
KIF15,Mostly Cytosolic
KIF18A,Mostly Nuclear
KIF18B,Mostly Nuclear
KIF3A,Mostly Cytosolic
KIFAP3,Mostly Cytosolic
KLC3,Mostly Cytosolic
KLC4,Mostly Cytosolic
KLF10,Mostly Nuclear
KLF12,Mostly Nuclear
KLF13,Mostly Nuclear
KLF3,Mostly Nuclear
KLF4,Mostly Nuclear
KLF5,Mostly Nuclear
KLHDC10,Mostly Cytosolic
KLHDC2,Mostly Cytosolic
KLHDC3,Mostly Cytosolic
KLHL11,Mostly Cytosolic
KLHL15,Mostly Nuclear
KLHL21,Mostly Cytosolic
KLHL22,Mostly Cytosolic
KLHL26,Mostly Cytosolic
KLHL42,Mostly Cytosolic
KLHL5,Mostly Cytosolic
KMT2A,Mostly Nuclear
KMT2B,Mostly Nuclear
KMT2D,Mostly Nuclear
KPTN,Mostly Cytosolic
KRCC1,Mostly Nuclear
KSR1,Mostly Cytosolic
L3HYPDH,Mostly Cytosolic
LACC1,Mostly Cytosolic
LAGE3,Mostly Cytosolic
LCMT1,Mostly Cytosolic
LCOR,Mostly Nuclear
LCORL,Mostly Nuclear
RTL6,Mostly Cytosolic
LENG8,Mostly Nuclear
LGALSL,Mostly Cytosolic
LHPP,Mostly Cytosolic
LIG4,Mostly Cytosolic
LIMD1,Mostly Cytosolic
LIMK1,Mostly Cytosolic
LIN37,Mostly Nuclear
LIN52,Mostly Nuclear
LIN54,Mostly Nuclear
LIN9,Mostly Nuclear
LMNA,Mostly Nuclear
LNX2,Mostly Cytosolic
LPIN1,Mostly Cytosolic
LPIN2,Mostly Cytosolic
LPIN3,Mostly Cytosolic
LRBA,Mostly Cytosolic
LRIF1,Mostly Nuclear
LRRC14,Mostly Cytosolic
LRRC20,Mostly Cytosolic
LRRC42,Mostly Cytosolic
LRRC45,Mostly Cytosolic
LRSAM1,Mostly Cytosolic
LRWD1,Mostly Nuclear
LXN,Mostly Cytosolic
LYSMD1,Mostly Cytosolic
LYSMD2,Mostly Cytosolic
LZIC,Mostly Cytosolic
LZTFL1,Mostly Cytosolic
MAD2L1BP,Mostly Cytosolic
MAF1,Mostly Cytosolic
MAFF,Mostly Nuclear
MAFG,Mostly Nuclear
MAFK,Mostly Nuclear
MAGEA12,Mostly Cytosolic
MAGEA3,Mostly Cytosolic
MAGEA6,Mostly Cytosolic
MAK16,Mostly Nuclear
MALT1,Mostly Cytosolic
MAMLD1,Mostly Cytosolic
MAP2K4,Mostly Cytosolic
MAP2K5,Mostly Cytosolic
MAP3K2,Mostly Cytosolic
MAPK11,Mostly Cytosolic
MAPK1IP1L,Mostly Cytosolic
MAPK7,Mostly Cytosolic
MAPK8,Mostly Cytosolic
MAPK8IP3,Mostly Cytosolic
MAPK9,Mostly Cytosolic
MAPKAPK2,Mostly Cytosolic
MAPKAPK3,Mostly Cytosolic
MAPKAPK5,Mostly Cytosolic
MAPRE2,Mostly Cytosolic
MASTL,Mostly Cytosolic
MAT2B,Mostly Cytosolic
MATR3,Mostly Nuclear
MAU2,Mostly Nuclear
MAX,Mostly Nuclear
MB,Mostly Cytosolic
MB21D2,Mostly Cytosolic
MBD1,Mostly Nuclear
MBD2,Mostly Nuclear
MBD3,Mostly Nuclear
MBD4,Mostly Nuclear
MBD6,Mostly Nuclear
MBIP,Mostly Nuclear
MBTD1,Mostly Nuclear
MBTPS2,Mostly Nuclear
MCM10,Mostly Nuclear
MCM3AP,Mostly Nuclear
MCM9,Mostly Nuclear
MCMBP,Mostly Cytosolic
MCRS1,Mostly Nuclear
MDM4,Mostly Cytosolic
MEA1,Mostly Cytosolic
MEAF6,Mostly Nuclear
MECP2,Mostly Nuclear
MED11,Mostly Nuclear
MED12,Mostly Nuclear
MED13,Mostly Nuclear
MED13L,Mostly Nuclear
MED19,Mostly Nuclear
MED28,Mostly Nuclear
MED7,Mostly Nuclear
MED9,Mostly Nuclear
MEIS2,Mostly Nuclear
MEMO1,Mostly Cytosolic
MEN1,Mostly Nuclear
MEOX1,Mostly Nuclear
METTL1,Mostly Cytosolic
EEF1AKMT2,Mostly Cytosolic
METTL18,Mostly Nuclear
METTL21A,Mostly Cytosolic
METTL25,Mostly Cytosolic
METTL2A,Mostly Cytosolic
MEX3C,Mostly Cytosolic
SLC49A3,Mostly Cytosolic
MFSD9,Mostly Nuclear
MGA,Mostly Nuclear
OGA,Mostly Cytosolic
MGLL,Mostly Cytosolic
MID1IP1,Mostly Cytosolic
MIEN1,Mostly Cytosolic
MIER2,Mostly Nuclear
MIER3,Mostly Cytosolic
MIS12,Mostly Nuclear
MIS18BP1,Mostly Nuclear
MRTFA,Mostly Cytosolic
MRTFB,Mostly Cytosolic
MKLN1,Mostly Cytosolic
MKNK1,Mostly Cytosolic
MKNK2,Mostly Cytosolic
MLH3,Mostly Nuclear
MAP3K21,Mostly Cytosolic
MLLT3,Mostly Nuclear
MLLT6,Mostly Nuclear
MMACHC,Mostly Cytosolic
MND1,Mostly Nuclear
MNX1,Mostly Cytosolic
MOB2,Mostly Cytosolic
MOB3A,Mostly Cytosolic
MOB3B,Mostly Cytosolic
MOCS2,Mostly Cytosolic
MOCS2,Mostly Cytosolic
MOCS3,Mostly Cytosolic
MORC3,Mostly Nuclear
MPHOSPH8,Mostly Nuclear
MPI,Mostly Cytosolic
MPND,Mostly Nuclear
MSL1,Mostly Nuclear
MSL2,Mostly Nuclear
MSL3,Mostly Nuclear
MSTO1,Mostly Cytosolic
MT1X,Mostly Cytosolic
MTA1,Mostly Nuclear
MTA1,Mostly Nuclear
MTA3,Mostly Nuclear
MTBP,Mostly Nuclear
MTF1,Mostly Cytosolic
MTF2,Mostly Nuclear
MTHFR,Mostly Cytosolic
MTMR14,Mostly Cytosolic
MTMR3,Mostly Cytosolic
MTR,Mostly Cytosolic
PWWP3A,Mostly Nuclear
MYBL1,Mostly Nuclear
MYBL2,Mostly Nuclear
MYC,Mostly Nuclear
MYH7B,Mostly Cytosolic
MYNN,Mostly Nuclear
MYO6,Mostly Cytosolic
MYO9A,Mostly Cytosolic
MYSM1,Mostly Nuclear
N4BP1,Mostly Cytosolic
N4BP2L2,Mostly Nuclear
N6AMT1,Mostly Cytosolic
EEF1AKMT1,Mostly Cytosolic
NAB1,Mostly Nuclear
NACC1,Mostly Cytosolic
NADK,Mostly Cytosolic
NADSYN1,Mostly Cytosolic
NAGK,Mostly Cytosolic
NAIF1,Mostly Nuclear
NANP,Mostly Cytosolic
NAP1L1,Mostly Cytosolic
NARF,Mostly Cytosolic
CIAO3,Mostly Cytosolic
NASP,Mostly Cytosolic
NAT1,Mostly Cytosolic
NAA80,Mostly Cytosolic
NAT9,Mostly Cytosolic
NCKIPSD,Mostly Cytosolic
NCOA2,Mostly Cytosolic
NCOA6,Mostly Nuclear
NSMCE3,Mostly Nuclear
NDOR1,Mostly Cytosolic
NECAB3,Mostly Cytosolic
NEDD4L,Mostly Cytosolic
NEDD9,Mostly Cytosolic
NEK3,Mostly Cytosolic
NEK6,Mostly Cytosolic
NFAT5,Mostly Cytosolic
NFATC2,Mostly Nuclear
NFATC2IP,Mostly Cytosolic
NFATC3,Mostly Cytosolic
NFE2L2,Mostly Nuclear
NFIA,Mostly Nuclear
NFIB,Mostly Nuclear
NFIB,Mostly Nuclear
NFIC,Mostly Nuclear
NFIL3,Mostly Nuclear
NFIX,Mostly Nuclear
NFKB1,Mostly Cytosolic
NFKBIA,Mostly Cytosolic
NFKBIB,Mostly Cytosolic
NFKBIE,Mostly Cytosolic
NFKBIL1,Mostly Nuclear
NFRKB,Mostly Nuclear
NHLRC2,Mostly Cytosolic
NKIRAS1,Mostly Cytosolic
NMRK1,Mostly Cytosolic
RIOX1,Mostly Nuclear
NOL3,Mostly Cytosolic
NOL4L,Mostly Nuclear
NOM1,Mostly Nuclear
NPAT,Mostly Nuclear
NPRL3,Mostly Cytosolic
NR1H2,Mostly Nuclear
NR2C1,Mostly Nuclear
NR2C2,Mostly Nuclear
NR2C2AP,Mostly Cytosolic
NR2F1,Mostly Nuclear
NR2F2,Mostly Nuclear
NR2F6,Mostly Nuclear
NRBP1,Mostly Cytosolic
NRBP2,Mostly Cytosolic
NRGN,Mostly Cytosolic
NRM,Mostly Nuclear
NSD1,Mostly Nuclear
NSMAF,Mostly Cytosolic
NSMCE1,Mostly Nuclear
NSMCE4A,Mostly Nuclear
NT5C3B,Mostly Cytosolic
NTAN1,Mostly Cytosolic
NUB1,Mostly Cytosolic
NUBP2,Mostly Cytosolic
NUDCD2,Mostly Cytosolic
NUDCD3,Mostly Cytosolic
NUDT15,Mostly Cytosolic
NUDT2,Mostly Cytosolic
NUDT3,Mostly Cytosolic
NUMA1,Mostly Nuclear
NUSAP1,Mostly Nuclear
NXN,Mostly Cytosolic
ODC1,Mostly Cytosolic
OGFOD2,Mostly Cytosolic
OGFRL1,Mostly Cytosolic
OPLAH,Mostly Cytosolic
OPTN,Mostly Cytosolic
ORC1,Mostly Nuclear
ORC2,Mostly Nuclear
ORC3,Mostly Nuclear
OSBP2,Mostly Cytosolic
OSBPL1A,Mostly Cytosolic
OSBPL2,Mostly Cytosolic
OSGEP,Mostly Cytosolic
OTUD5,Mostly Cytosolic
OTULIN,Mostly Cytosolic
OTX1,Mostly Nuclear
OXR1,Mostly Cytosolic
PAAF1,Mostly Cytosolic
PAFAH1B2,Mostly Cytosolic
PAGE1,Mostly Cytosolic
PAGR1,Mostly Nuclear
PAK1,Mostly Cytosolic
PALB2,Mostly Nuclear
PANK1,Mostly Cytosolic
PANK2,Mostly Cytosolic
PANK3,Mostly Cytosolic
PANK4,Mostly Cytosolic
TENT2,Mostly Nuclear
TENT4B,Mostly Nuclear
PAPSS1,Mostly Cytosolic
PAQR4,Mostly Cytosolic
PARD6B,Mostly Cytosolic
PARP10,Mostly Cytosolic
PARP4,Mostly Cytosolic
PASD1,Mostly Nuclear
PASK,Mostly Cytosolic
PATZ1,Mostly Nuclear
PAX6,Mostly Nuclear
PAXIP1,Mostly Nuclear
PBLD,Mostly Cytosolic
PBRM1,Mostly Nuclear
PBX1,Mostly Nuclear
PBX2,Mostly Nuclear
PCBD1,Mostly Cytosolic
PCGF1,Mostly Nuclear
PCGF2,Mostly Nuclear
PCMTD1,Mostly Cytosolic
PCTP,Mostly Cytosolic
PCYT2,Mostly Cytosolic
PDCL,Mostly Cytosolic
PDE1A,Mostly Cytosolic
PDE2A,Mostly Cytosolic
PDE4A,Mostly Cytosolic
PDE4D,Mostly Cytosolic
PDE4DIP,Mostly Cytosolic
PDE6D,Mostly Cytosolic
PDLIM2,Mostly Cytosolic
PDXP,Mostly Cytosolic
PEA15,Mostly Cytosolic
PEF1,Mostly Cytosolic
PEPD,Mostly Cytosolic
PER1,Mostly Nuclear
PES1,Mostly Nuclear
PFKFB3,Mostly Cytosolic
PFKFB4,Mostly Cytosolic
PFN2,Mostly Cytosolic
PFN2,Mostly Cytosolic
PGBD1,Mostly Cytosolic
PGBD3,Mostly Nuclear
PGGT1B,Mostly Cytosolic
PGK2,Mostly Cytosolic
PGM2L1,Mostly Cytosolic
PHC1,Mostly Nuclear
PHC2,Mostly Nuclear
PHC3,Mostly Nuclear
PHF1,Mostly Nuclear
PHF12,Mostly Nuclear
PHF14,Mostly Nuclear
PHF19,Mostly Nuclear
PHF2,Mostly Nuclear
PHF20,Mostly Nuclear
PHF20L1,Mostly Nuclear
PHF21A,Mostly Nuclear
PHF8,Mostly Nuclear
PHIP,Mostly Nuclear
PHKA2,Mostly Cytosolic
PHKB,Mostly Cytosolic
PHKG2,Mostly Cytosolic
PHLPP1,Mostly Cytosolic
PHLPP2,Mostly Cytosolic
PHRF1,Mostly Nuclear
PHYHD1,Mostly Cytosolic
PIAS1,Mostly Nuclear
PIAS4,Mostly Nuclear
PIK3CA,Mostly Cytosolic
PIK3CD,Mostly Cytosolic
PIK3R3,Mostly Cytosolic
PIKFYVE,Mostly Cytosolic
PITHD1,Mostly Cytosolic
PITPNC1,Mostly Cytosolic
PJA2,Mostly Cytosolic
PKM,Mostly Cytosolic
PKNOX1,Mostly Nuclear
PLAAT3,Mostly Cytosolic
PLCB2,Mostly Cytosolic
PLCG1,Mostly Cytosolic
PLCG1,Mostly Cytosolic
PLEKHF1,Mostly Cytosolic
PLEKHF2,Mostly Cytosolic
PLEKHG2,Mostly Cytosolic
PLEKHM2,Mostly Cytosolic
PLEKHO2,Mostly Cytosolic
PM20D2,Mostly Cytosolic
PML,Mostly Cytosolic
PMM1,Mostly Cytosolic
PMVK,Mostly Cytosolic
PNKP,Mostly Nuclear
PNPLA2,Mostly Cytosolic
PNPO,Mostly Cytosolic
POGK,Mostly Cytosolic
POGZ,Mostly Nuclear
POLA2,Mostly Cytosolic
POLE4,Mostly Cytosolic
POLR2M,Mostly Cytosolic
POLR2M,Mostly Cytosolic
POLR3C,Mostly Cytosolic
POLR3G,Mostly Cytosolic
POLR3H,Mostly Cytosolic
POLR3K,Mostly Cytosolic
POM121,Mostly Nuclear
POM121C,Mostly Nuclear
POMP,Mostly Cytosolic
POU2F1,Mostly Nuclear
PPCDC,Mostly Cytosolic
PPCS,Mostly Cytosolic
PPHLN1,Mostly Nuclear
PPHLN1,Mostly Nuclear
PPIA,Mostly Cytosolic
PPIP5K1,Mostly Cytosolic
PPM1A,Mostly Cytosolic
PPM1B,Mostly Cytosolic
PPM1F,Mostly Cytosolic
PPP1R11,Mostly Cytosolic
PPP1R14B,Mostly Cytosolic
PPP1R26,Mostly Nuclear
PPP1R3D,Mostly Cytosolic
PPP2R2D,Mostly Cytosolic
PPP2R3A,Mostly Cytosolic
PPP2R3B,Mostly Cytosolic
PTPA,Mostly Cytosolic
PPP3CB,Mostly Cytosolic
PPP3CC,Mostly Cytosolic
PPP4C,Mostly Cytosolic
PPP4R1,Mostly Cytosolic
PPP4R2,Mostly Cytosolic
PPP6R2,Mostly Cytosolic
PRC1,Mostly Nuclear
PRDM10,Mostly Nuclear
PRDM2,Mostly Nuclear
PREX1,Mostly Cytosolic
PRKAB1,Mostly Cytosolic
PRKAB2,Mostly Cytosolic
PRKAR1B,Mostly Cytosolic
PRKCA,Mostly Cytosolic
PRKCE,Mostly Cytosolic
PRKCZ,Mostly Cytosolic
PRKX,Mostly Cytosolic
PRMT1,Mostly Cytosolic
PRMT6,Mostly Cytosolic
PRMT7,Mostly Cytosolic
PRMT9,Mostly Cytosolic
PRPF18,Mostly Nuclear
PRPF39,Mostly Cytosolic
PRPF40A,Mostly Nuclear
PRR12,Mostly Nuclear
PRR14,Mostly Nuclear
PRR3,Mostly Nuclear
PRRX2,Mostly Nuclear
PRTFDC1,Mostly Cytosolic
PRUNE1,Mostly Cytosolic
PSIP1,Mostly Nuclear
PSMB10,Mostly Cytosolic
PSMB9,Mostly Cytosolic
PSMC3IP,Mostly Nuclear
PSMF1,Mostly Cytosolic
PSMG3,Mostly Cytosolic
PSMG4,Mostly Cytosolic
PTAR1,Mostly Cytosolic
PTEN,Mostly Cytosolic
PTER,Mostly Cytosolic
PTGR2,Mostly Cytosolic
PTK2B,Mostly Cytosolic
PTOV1,Mostly Cytosolic
PTS,Mostly Cytosolic
PUS3,Mostly Cytosolic
PUS7L,Mostly Cytosolic
PWWP2A,Mostly Nuclear
PXDC1,Mostly Cytosolic
PYROXD1,Mostly Cytosolic
QKI,Mostly Nuclear
QPRT,Mostly Cytosolic
QSER1,Mostly Nuclear
R3HCC1,Mostly Cytosolic
R3HCC1L,Mostly Cytosolic
RAB28,Mostly Cytosolic
RAB3IL1,Mostly Cytosolic
RAB3IP,Mostly Cytosolic
RAB40C,Mostly Cytosolic
RABEP1,Mostly Cytosolic
RABEP2,Mostly Cytosolic
RABEPK,Mostly Cytosolic
RABGAP1,Mostly Cytosolic
RABGAP1L,Mostly Cytosolic
RABGAP1L,Mostly Cytosolic
RABGEF1,Mostly Cytosolic
RABGGTA,Mostly Cytosolic
RABIF,Mostly Cytosolic
RABL2B,Mostly Cytosolic
RABL6,Mostly Cytosolic
RAD54L,Mostly Nuclear
RAD9A,Mostly Cytosolic
RAF1,Mostly Cytosolic
RAI1,Mostly Nuclear
RALGPS2,Mostly Cytosolic
RANBP10,Mostly Cytosolic
RANBP6,Mostly Cytosolic
RANGRF,Mostly Cytosolic
RAP1GAP,Mostly Cytosolic
RAP1GAP2,Mostly Cytosolic
RAP1GDS1,Mostly Cytosolic
RAP1GDS1,Mostly Cytosolic
RAPGEF1,Mostly Cytosolic
RAPGEF2,Mostly Cytosolic
RAPGEF6,Mostly Cytosolic
RARA,Mostly Nuclear
RARG,Mostly Nuclear
RASA1,Mostly Cytosolic
RASIP1,Mostly Cytosolic
RASSF5,Mostly Cytosolic
RASSF7,Mostly Cytosolic
RBBP5,Mostly Nuclear
RBBP8,Mostly Nuclear
RBBP9,Mostly Cytosolic
RBCK1,Mostly Cytosolic
RBKS,Mostly Cytosolic
RBM10,Mostly Nuclear
RBM12B,Mostly Nuclear
RBM15B,Mostly Nuclear
RBM45,Mostly Nuclear
RBM4B,Mostly Nuclear
RBPJ,Mostly Nuclear
RCCD1,Mostly Cytosolic
RCHY1,Mostly Cytosolic
RCOR3,Mostly Nuclear
RECQL4,Mostly Cytosolic
REL,Mostly Cytosolic
RELB,Mostly Cytosolic
REPS2,Mostly Cytosolic
REST,Mostly Nuclear
REXO1,Mostly Nuclear
REXO2,Mostly Cytosolic
RFK,Mostly Cytosolic
RFWD3,Mostly Cytosolic
RFX1,Mostly Nuclear
RFX7,Mostly Nuclear
RFXAP,Mostly Nuclear
RGP1,Mostly Cytosolic
RGPD1,Mostly Nuclear
RGS10,Mostly Cytosolic
RHPN2,Mostly Cytosolic
RIC1,Mostly Cytosolic
RIC8A,Mostly Cytosolic
RIC8B,Mostly Cytosolic
RILP,Mostly Cytosolic
RILPL1,Mostly Cytosolic
RIMKLB,Mostly Cytosolic
RIN1,Mostly Cytosolic
RING1,Mostly Nuclear
RIOK3,Mostly Cytosolic
RIPK1,Mostly Cytosolic
RIPK2,Mostly Cytosolic
RLF,Mostly Nuclear
RLIM,Mostly Nuclear
RMI1,Mostly Nuclear
RNF113A,Mostly Cytosolic
RNF115,Mostly Cytosolic
RNF123,Mostly Cytosolic
RNF126,Mostly Cytosolic
RNF135,Mostly Cytosolic
RNF14,Mostly Cytosolic
RNF141,Mostly Cytosolic
RNF146,Mostly Cytosolic
RNF169,Mostly Nuclear
RNF181,Mostly Cytosolic
RNF187,Mostly Cytosolic
RNF2,Mostly Nuclear
RNF216,Mostly Cytosolic
RNF31,Mostly Cytosolic
RNF34,Mostly Cytosolic
RNF6,Mostly Nuclear
RNF7,Mostly Cytosolic
RNPC3,Mostly Nuclear
ROGDI,Mostly Cytosolic
RPAP1,Mostly Cytosolic
RPE,Mostly Cytosolic
RPGR,Mostly Cytosolic
RPGRIP1L,Mostly Cytosolic
RPIA,Mostly Cytosolic
RPP21,Mostly Cytosolic
RPS6KA5,Mostly Cytosolic
RPS6KB1,Mostly Cytosolic
RPS6KC1,Mostly Cytosolic
RPUSD1,Mostly Cytosolic
RREB1,Mostly Nuclear
RRM2B,Mostly Cytosolic
METTL25B,Mostly Cytosolic
RSBN1,Mostly Nuclear
RTKN,Mostly Cytosolic
RUNDC1,Mostly Cytosolic
RUSC2,Mostly Cytosolic
RWDD2A,Mostly Cytosolic
RWDD4,Mostly Cytosolic
RYBP,Mostly Nuclear
S100A1,Mostly Cytosolic
S100A3,Mostly Cytosolic
S100P,Mostly Cytosolic
SAAL1,Mostly Cytosolic
SALL4,Mostly Nuclear
SAMD1,Mostly Nuclear
SAMD11,Mostly Cytosolic
SAMHD1,Mostly Cytosolic
SAP130,Mostly Nuclear
SAP30,Mostly Nuclear
SAP30L,Mostly Nuclear
SAR1B,Mostly Cytosolic
SAT2,Mostly Cytosolic
SBNO1,Mostly Cytosolic
SCAI,Mostly Nuclear
SCAND1,Mostly Cytosolic
SCLY,Mostly Cytosolic
SCMH1,Mostly Nuclear
SCML2,Mostly Nuclear
SCNM1,Mostly Cytosolic
SCRN2,Mostly Cytosolic
SCRN3,Mostly Cytosolic
SDCCAG8,Mostly Cytosolic
SDSL,Mostly Cytosolic
SEC14L2,Mostly Cytosolic
SEC14L4,Mostly Cytosolic
SELENOH,Mostly Nuclear
SELENOO,Mostly Cytosolic
SENP1,Mostly Nuclear
SENP2,Mostly Nuclear
SENP5,Mostly Nuclear
SEPSECS,Mostly Cytosolic
SERGEF,Mostly Cytosolic
SERPINB8,Mostly Cytosolic
SESN2,Mostly Cytosolic
SESN3,Mostly Cytosolic
SESTD1,Mostly Cytosolic
SETD1A,Mostly Nuclear
SETD2,Mostly Nuclear
SETD5,Mostly Nuclear
SETD6,Mostly Cytosolic
SETD7,Mostly Cytosolic
SFMBT1,Mostly Nuclear
SFR1,Mostly Cytosolic
SGO1,Mostly Nuclear
SGO2,Mostly Nuclear
SGTB,Mostly Cytosolic
SH2B1,Mostly Cytosolic
SH3BP2,Mostly Cytosolic
SH3BP5,Mostly Cytosolic
SH3BP5L,Mostly Cytosolic
SH3GL2,Mostly Cytosolic
SHARPIN,Mostly Cytosolic
SHPK,Mostly Cytosolic
SHROOM1,Mostly Cytosolic
SIAH1,Mostly Cytosolic
SIAH2,Mostly Cytosolic
SIK1,Mostly Cytosolic
SIK3,Mostly Cytosolic
SIN3A,Mostly Nuclear
SIN3B,Mostly Nuclear
SIRT1,Mostly Cytosolic
SIRT2,Mostly Cytosolic
SIRT6,Mostly Nuclear
SIVA1,Mostly Cytosolic
SIX2,Mostly Nuclear
SLC7A6OS,Mostly Cytosolic
SLX4,Mostly Nuclear
SLX4IP,Mostly Nuclear
SMARCA1,Mostly Nuclear
SMARCA2,Mostly Nuclear
SMARCB1,Mostly Nuclear
SMARCC2,Mostly Nuclear
SMARCD2,Mostly Nuclear
SMARCD3,Mostly Nuclear
SMC1B,Mostly Nuclear
SMC6,Mostly Nuclear
SMCR8,Mostly Cytosolic
PPP4R3A,Mostly Cytosolic
PPP4R3B,Mostly Cytosolic
SMYD2,Mostly Cytosolic
SMYD4,Mostly Cytosolic
SMYD5,Mostly Cytosolic
SNAI2,Mostly Nuclear
SNAPC2,Mostly Nuclear
SNCA,Mostly Cytosolic
SNRK,Mostly Cytosolic
SNRNP35,Mostly Nuclear
SNTA1,Mostly Cytosolic
SNUPN,Mostly Cytosolic
SNX15,Mostly Cytosolic
SNX16,Mostly Cytosolic
SNX24,Mostly Cytosolic
SOCS6,Mostly Cytosolic
SON,Mostly Nuclear
SOS1,Mostly Cytosolic
SOWAHC,Mostly Cytosolic
SOX12,Mostly Nuclear
SP110,Mostly Nuclear
SP2,Mostly Nuclear
SP3,Mostly Nuclear
SP4,Mostly Nuclear
SPATA18,Mostly Cytosolic
SPHK1,Mostly Cytosolic
SPIN2B,Mostly Nuclear
SPIN4,Mostly Nuclear
SPIRE2,Mostly Cytosolic
SPOP,Mostly Nuclear
SPTY2D1,Mostly Nuclear
SRA1,Mostly Cytosolic
SRBD1,Mostly Nuclear
SRR,Mostly Cytosolic
SRSF8,Mostly Nuclear
SRXN1,Mostly Cytosolic
SS18L1,Mostly Nuclear
SSH3,Mostly Cytosolic
SSNA1,Mostly Cytosolic
ZNRD2,Mostly Cytosolic
STAG1,Mostly Nuclear
STARD4,Mostly Cytosolic
STARD5,Mostly Cytosolic
STAT2,Mostly Cytosolic
STAT5A,Mostly Cytosolic
STAT5B,Mostly Cytosolic
STIL,Mostly Cytosolic
STK17A,Mostly Cytosolic
STK17B,Mostly Cytosolic
STK32C,Mostly Cytosolic
STK35,Mostly Nuclear
STK4,Mostly Cytosolic
STXBP4,Mostly Cytosolic
STXBP5,Mostly Cytosolic
STYX,Mostly Cytosolic
SUDS3,Mostly Nuclear
SUGP1,Mostly Nuclear
SUGT1,Mostly Cytosolic
SULT1A1,Mostly Cytosolic
SUPT20H,Mostly Nuclear
SURF2,Mostly Cytosolic
SUV39H1,Mostly Nuclear
SUV39H2,Mostly Nuclear
KMT5B,Mostly Nuclear
KMT5C,Mostly Nuclear
SUZ12,Mostly Nuclear
SWI5,Mostly Cytosolic
SYNE3,Mostly Nuclear
SYNM,Mostly Cytosolic
SZRD1,Mostly Cytosolic
TAB3,Mostly Cytosolic
TACC3,Mostly Cytosolic
TADA1,Mostly Nuclear
TADA2A,Mostly Nuclear
TADA2B,Mostly Nuclear
TADA3,Mostly Nuclear
TAF1,Mostly Nuclear
TAF12,Mostly Nuclear
TAF1A,Mostly Nuclear
TAF1B,Mostly Nuclear
TAF1D,Mostly Nuclear
TAF3,Mostly Nuclear
TAF4,Mostly Nuclear
TAF4B,Mostly Nuclear
TAF5,Mostly Nuclear
TAF5L,Mostly Nuclear
TAF9B,Mostly Nuclear
TAGLN,Mostly Cytosolic
TANGO2,Mostly Cytosolic
TANK,Mostly Cytosolic
TARS3,Mostly Cytosolic
TASP1,Mostly Nuclear
TATDN3,Mostly Cytosolic
TBC1D13,Mostly Cytosolic
TBC1D17,Mostly Cytosolic
TBC1D2,Mostly Cytosolic
TBC1D22A,Mostly Cytosolic
TBC1D4,Mostly Cytosolic
TBC1D7,Mostly Cytosolic
TBC1D8,Mostly Cytosolic
TBC1D9B,Mostly Cytosolic
TBCC,Mostly Cytosolic
TBCCD1,Mostly Cytosolic
TBCEL,Mostly Cytosolic
TBPL1,Mostly Cytosolic
TBRG1,Mostly Nuclear
TBX1,Mostly Nuclear
TBX3,Mostly Nuclear
TCEAL1,Mostly Cytosolic
TCEAL4,Mostly Cytosolic
TCF12,Mostly Cytosolic
TCF7L2,Mostly Nuclear
TCOF1,Mostly Nuclear
TCOF1,Mostly Nuclear
TCP11L1,Mostly Cytosolic
DYNLT2B,Mostly Cytosolic
TDP2,Mostly Cytosolic
TEAD1,Mostly Nuclear
TEAD1,Mostly Nuclear
TEAD3,Mostly Nuclear
TEAD4,Mostly Nuclear
TECPR1,Mostly Cytosolic
TERF1,Mostly Nuclear
TERF2,Mostly Nuclear
TESC,Mostly Cytosolic
TET2,Mostly Nuclear
TFAP2C,Mostly Nuclear
TFAP4,Mostly Nuclear
TFEB,Mostly Cytosolic
TFPT,Mostly Nuclear
TGIF1,Mostly Nuclear
TGM2,Mostly Cytosolic
TGS1,Mostly Cytosolic
THADA,Mostly Cytosolic
THAP1,Mostly Nuclear
THRA,Mostly Nuclear
THTPA,Mostly Cytosolic
THUMPD1,Mostly Cytosolic
THUMPD2,Mostly Cytosolic
TICAM1,Mostly Cytosolic
TICRR,Mostly Nuclear
TIFA,Mostly Cytosolic
TIGD2,Mostly Nuclear
TIGD5,Mostly Nuclear
TIMELESS,Mostly Cytosolic
TINF2,Mostly Nuclear
TIPIN,Mostly Cytosolic
TJAP1,Mostly Cytosolic
TJP3,Mostly Cytosolic
TLE2,Mostly Cytosolic
TLE3,Mostly Cytosolic
TLE4,Mostly Cytosolic
TLX3,Mostly Nuclear
TMCO4,Mostly Cytosolic
TMCO6,Mostly Cytosolic
TMED8,Mostly Cytosolic
NEMP1,Mostly Nuclear
TMEM201,Mostly Nuclear
TMOD1,Mostly Cytosolic
TMPO,Mostly Nuclear
TNIP1,Mostly Cytosolic
TNIP2,Mostly Cytosolic
TNK1,Mostly Cytosolic
TNPO2,Mostly Cytosolic
TNRC18,Mostly Nuclear
TOM1,Mostly Cytosolic
TOM1L2,Mostly Cytosolic
TOR1AIP1,Mostly Nuclear
TOR1AIP2,Mostly Cytosolic
TOR4A,Mostly Cytosolic
TP53BP1,Mostly Nuclear
TP53I3,Mostly Cytosolic
TPGS2,Mostly Cytosolic
TPK1,Mostly Cytosolic
TPM1,Mostly Cytosolic
TPM2,Mostly Cytosolic
TPM2,Mostly Cytosolic
TPM3,Mostly Cytosolic
TPM4,Mostly Cytosolic
TPMT,Mostly Cytosolic
TRADD,Mostly Cytosolic
TRAF3IP2,Mostly Cytosolic
TRAF6,Mostly Cytosolic
TRDMT1,Mostly Cytosolic
TRERF1,Mostly Nuclear
TRIB3,Mostly Nuclear
TRIM21,Mostly Cytosolic
TRIM24,Mostly Nuclear
TRIM37,Mostly Cytosolic
TRIM38,Mostly Cytosolic
TRIM39,Mostly Nuclear
TRIM44,Mostly Cytosolic
TRIM5,Mostly Cytosolic
TRIM65,Mostly Cytosolic
TRIP12,Mostly Nuclear
TRMT11,Mostly Cytosolic
TRMT12,Mostly Cytosolic
TRMT13,Mostly Cytosolic
TRNAU1AP,Mostly Cytosolic
TRPC4AP,Mostly Cytosolic
TRPS1,Mostly Nuclear
TRRAP,Mostly Nuclear
TSC1,Mostly Cytosolic
TSC2,Mostly Cytosolic
TSC22D1,Mostly Cytosolic
TSC22D2,Mostly Cytosolic
TSC22D3,Mostly Cytosolic
TSC22D4,Mostly Cytosolic
TSEN15,Mostly Cytosolic
TSEN2,Mostly Cytosolic
TSEN54,Mostly Cytosolic
TSPYL2,Mostly Nuclear
TSR2,Mostly Cytosolic
TSSC4,Mostly Cytosolic
TSTD2,Mostly Cytosolic
TTC14,Mostly Nuclear
TTC28,Mostly Cytosolic
TTC33,Mostly Cytosolic
TTC38,Mostly Cytosolic
TTC9C,Mostly Cytosolic
TTF1,Mostly Nuclear
TTL,Mostly Cytosolic
TTLL4,Mostly Cytosolic
TTPAL,Mostly Cytosolic
TUBAL3,Mostly Cytosolic
TUBB2A,Mostly Cytosolic
TUSC1,Mostly Cytosolic
TUT1,Mostly Cytosolic
TYW3,Mostly Cytosolic
TYW5,Mostly Cytosolic
UAP1L1,Mostly Cytosolic
UBA3,Mostly Cytosolic
UBAC1,Mostly Cytosolic
UBALD1,Mostly Cytosolic
UBALD2,Mostly Cytosolic
UBAP1,Mostly Cytosolic
UBASH3B,Mostly Cytosolic
UBE2B,Mostly Cytosolic
UBE2D1,Mostly Cytosolic
UBE2F,Mostly Cytosolic
UBE2G1,Mostly Cytosolic
UBE2H,Mostly Cytosolic
UBE2R2,Mostly Cytosolic
UBE2Z,Mostly Cytosolic
UBE3D,Mostly Cytosolic
UBE4B,Mostly Cytosolic
UBL7,Mostly Cytosolic
UBN1,Mostly Nuclear
UBN2,Mostly Nuclear
UBR1,Mostly Cytosolic
UBR2,Mostly Cytosolic
UBR3,Mostly Cytosolic
UBR7,Mostly Cytosolic
UBTF,Mostly Nuclear
UBXN2B,Mostly Cytosolic
UBXN6,Mostly Cytosolic
UCHL5,Mostly Cytosolic
UCK1,Mostly Cytosolic
UCKL1,Mostly Cytosolic
UEVLD,Mostly Cytosolic
UHRF2,Mostly Nuclear
UIMC1,Mostly Nuclear
ULK3,Mostly Cytosolic
UMAD1,Mostly Cytosolic
UNC119,Mostly Cytosolic
UNC13B,Mostly Cytosolic
UNC13D,Mostly Cytosolic
UPRT,Mostly Cytosolic
URB1,Mostly Nuclear
URGCP,Mostly Cytosolic
URM1,Mostly Cytosolic
UROS,Mostly Cytosolic
USB1,Mostly Cytosolic
USF1,Mostly Nuclear
USF2,Mostly Nuclear
USP11,Mostly Cytosolic
USP13,Mostly Cytosolic
USP25,Mostly Cytosolic
USP28,Mostly Cytosolic
USP3,Mostly Nuclear
USP32,Mostly Cytosolic
USP34,Mostly Cytosolic
USP36,Mostly Nuclear
USP37,Mostly Cytosolic
USP38,Mostly Cytosolic
USP4,Mostly Cytosolic
USP40,Mostly Cytosolic
USP48,Mostly Nuclear
USPL1,Mostly Nuclear
UVSSA,Mostly Cytosolic
VAV2,Mostly Cytosolic
VCPKMT,Mostly Cytosolic
VDR,Mostly Nuclear
VEZF1,Mostly Nuclear
VGLL3,Mostly Nuclear
VHL,Mostly Cytosolic
VPS37A,Mostly Cytosolic
VPS4B,Mostly Cytosolic
VPS72,Mostly Nuclear
VRK3,Mostly Nuclear
WAC,Mostly Nuclear
WBP2,Mostly Cytosolic
WDFY3,Mostly Cytosolic
WDR25,Mostly Nuclear
DYNC2I2,Mostly Cytosolic
WDR4,Mostly Cytosolic
WDR41,Mostly Cytosolic
WDR45,Mostly Cytosolic
WDR47,Mostly Cytosolic
WDR53,Mostly Cytosolic
WDR54,Mostly Cytosolic
WDR62,Mostly Cytosolic
WDR73,Mostly Cytosolic
WDR76,Mostly Nuclear
WDR81,Mostly Cytosolic
WDR89,Mostly Nuclear
WDR91,Mostly Cytosolic
WDSUB1,Mostly Cytosolic
WDTC1,Mostly Cytosolic
NTAQ1,Mostly Cytosolic
NSD2,Mostly Nuclear
NSD2,Mostly Nuclear
NSD3,Mostly Nuclear
WIZ,Mostly Nuclear
WNK2,Mostly Cytosolic
WRNIP1,Mostly Cytosolic
WSB1,Mostly Cytosolic
WTAP,Mostly Nuclear
WWC1,Mostly Cytosolic
WWC2,Mostly Cytosolic
XIAP,Mostly Cytosolic
XPC,Mostly Nuclear
XPO6,Mostly Cytosolic
XRCC2,Mostly Cytosolic
XRCC4,Mostly Cytosolic
XYLB,Mostly Cytosolic
YAE1,Mostly Cytosolic
YEATS2,Mostly Nuclear
YEATS4,Mostly Nuclear
YOD1,Mostly Cytosolic
YPEL5,Mostly Cytosolic
YY2,Mostly Nuclear
MAP3K20,Mostly Cytosolic
ZBED4,Mostly Nuclear
ZBED5,Mostly Nuclear
ZBTB10,Mostly Nuclear
ZBTB12,Mostly Nuclear
ZBTB14,Mostly Nuclear
ZBTB17,Mostly Nuclear
ZBTB2,Mostly Nuclear
ZBTB20,Mostly Nuclear
ZBTB24,Mostly Nuclear
ZBTB38,Mostly Nuclear
ZBTB4,Mostly Nuclear
ZBTB40,Mostly Nuclear
ZBTB43,Mostly Nuclear
ZBTB44,Mostly Nuclear
ZBTB45,Mostly Nuclear
ZBTB48,Mostly Nuclear
ZBTB5,Mostly Nuclear
ZBTB7A,Mostly Nuclear
ZBTB7B,Mostly Nuclear
ZBTB8A,Mostly Nuclear
ZBTB8OS,Mostly Cytosolic
ZBTB9,Mostly Nuclear
ZC3H10,Mostly Nuclear
ZC3H12A,Mostly Cytosolic
ZC3H13,Mostly Nuclear
ZC3H14,Mostly Nuclear
ZC3H14,Mostly Nuclear
ZC3H3,Mostly Nuclear
ZCCHC10,Mostly Nuclear
ZCCHC7,Mostly Nuclear
ZCCHC9,Mostly Nuclear
ZER1,Mostly Cytosolic
ZFAND1,Mostly Cytosolic
ZFAND2B,Mostly Cytosolic
ZFAND3,Mostly Cytosolic
ZFAT,Mostly Nuclear
ZFHX3,Mostly Nuclear
ZFP1,Mostly Nuclear
ZFP64,Mostly Nuclear
ZFP91,Mostly Nuclear
ZFX,Mostly Nuclear
ZFYVE16,Mostly Cytosolic
ZFYVE19,Mostly Cytosolic
ZFYVE9,Mostly Cytosolic
ZHX1,Mostly Nuclear
ZHX2,Mostly Nuclear
ZHX3,Mostly Nuclear
ZIC2,Mostly Nuclear
ZKSCAN1,Mostly Nuclear
ZKSCAN4,Mostly Nuclear
ZKSCAN8,Mostly Nuclear
ZMAT5,Mostly Nuclear
ZMIZ1,Mostly Cytosolic
ZMIZ2,Mostly Cytosolic
ZMYM2,Mostly Nuclear
ZMYM3,Mostly Nuclear
ZMYM6,Mostly Nuclear
ZMYND11,Mostly Nuclear
ZMYND8,Mostly Nuclear
ZMYND8,Mostly Nuclear
ZMYND8,Mostly Nuclear
ZNF106,Mostly Nuclear
ZNF121,Mostly Nuclear
ZNF131,Mostly Nuclear
ZNF140,Mostly Cytosolic
ZNF142,Mostly Nuclear
ZNF143,Mostly Nuclear
ZNF146,Mostly Nuclear
ZNF148,Mostly Nuclear
ZNF16,Mostly Nuclear
ZNF174,Mostly Nuclear
ZNF184,Mostly Nuclear
ZNF189,Mostly Nuclear
ZNF207,Mostly Nuclear
ZNF217,Mostly Nuclear
ZNF219,Mostly Nuclear
ZNF24,Mostly Nuclear
ZNF250,Mostly Nuclear
ZNF263,Mostly Nuclear
ZNF276,Mostly Nuclear
ZNF28,Mostly Nuclear
ZNF280C,Mostly Nuclear
ZNF280D,Mostly Nuclear
ZNF281,Mostly Nuclear
ZNF304,Mostly Nuclear
ZNF317,Mostly Nuclear
ZNF318,Mostly Nuclear
ZNF319,Mostly Nuclear
ZNF324,Mostly Nuclear
ZNF33A,Mostly Nuclear
ZNF347,Mostly Nuclear
ZNF362,Mostly Nuclear
ZNF367,Mostly Nuclear
ZNF384,Mostly Nuclear
ZNF385A,Mostly Nuclear
ZNF420,Mostly Nuclear
ZNF444,Mostly Nuclear
ZNF445,Mostly Nuclear
ZNF446,Mostly Nuclear
ZNF48,Mostly Nuclear
ZNF496,Mostly Nuclear
ZNF503,Mostly Cytosolic
ZNF507,Mostly Cytosolic
ZNF511,Mostly Cytosolic
ZNF512,Mostly Nuclear
ZNF512B,Mostly Nuclear
ZNF518A,Mostly Nuclear
ZNF532,Mostly Nuclear
ZNF566,Mostly Nuclear
ZNF581,Mostly Nuclear
ZNF584,Mostly Nuclear
ZNF592,Mostly Nuclear
ZNF595,Mostly Cytosolic
ZNF609,Mostly Nuclear
ZNF623,Mostly Nuclear
ZNF629,Mostly Nuclear
ZNF639,Mostly Nuclear
ZNF644,Mostly Nuclear
ZNF652,Mostly Nuclear
ZNF654,Mostly Nuclear
ZNF655,Mostly Nuclear
ZNF668,Mostly Nuclear
ZNF672,Mostly Cytosolic
ZNF687,Mostly Nuclear
ZNF689,Mostly Nuclear
ZNF691,Mostly Nuclear
ZNF692,Mostly Nuclear
ZNF7,Mostly Nuclear
ZNF703,Mostly Cytosolic
ZNF707,Mostly Nuclear
ZNF740,Mostly Nuclear
ZNF746,Mostly Nuclear
ZNF768,Mostly Nuclear
ZNF770,Mostly Nuclear
ZNF8,Mostly Nuclear
ZNF800,Mostly Nuclear
ZNF865,Mostly Nuclear
ZNF888,Mostly Nuclear
ZNHIT1,Mostly Nuclear
ZNHIT2,Mostly Cytosolic
POLR1H,Mostly Nuclear
ZPR1,Mostly Cytosolic
ZSCAN12,Mostly Nuclear
ZSCAN21,Mostly Nuclear
ZSCAN25,Mostly Nuclear
ZSCAN26,Mostly Nuclear
ZSCAN29,Mostly Nuclear
ZSCAN31,Mostly Nuclear
ZSWIM8,Mostly Cytosolic
ZWILCH,Mostly Cytosolic
ZWINT,Mostly Cytosolic
ZXDC,Mostly Nuclear
ZZEF1,Mostly Cytosolic
ZZZ3,Mostly Nuclear